File ID	File Name	Data Category	Data Type	Project ID	Case ID	Sample ID	Sample Type
d7e63c99-60b2-4cee-9473-69bd0b0c8afd	efce5bc7-aed2-4f3a-9574-fe59b655f57e.htseq.counts.gz	Transcriptome Profiling	Gene Expression Quantification	TCGA-STAD	TCGA-D7-6522	TCGA-D7-6522-01A	Primary Tumor
2fa2d47a-ba4c-4b60-850d-600b59005348	175f3b18-77d1-4532-90c8-b6d7ad198363.htseq.counts.gz	Transcriptome Profiling	Gene Expression Quantification	TCGA-STAD	TCGA-VQ-A94R	TCGA-VQ-A94R-01A	Primary Tumor
f1aaff44-9d82-4e91-93b0-b1907cb7e6c8	ae43e7b6-18c7-4657-909a-462e102153fb.htseq.counts.gz	Transcriptome Profiling	Gene Expression Quantification	TCGA-STAD	TCGA-RD-A8MV	TCGA-RD-A8MV-01A	Primary Tumor
566f1e1b-cddc-4588-899c-2fb2b4ea9924	b7ce107c-d523-4e92-ab0d-e27aa1f799e2.htseq.counts.gz	Transcriptome Profiling	Gene Expression Quantification	TCGA-STAD	TCGA-BR-4191	TCGA-BR-4191-01A	Primary Tumor
fd3e9535-1052-4ef0-8a0f-b535099a5de0	aeffc030-7e5a-478d-bb80-18c25ca041ae.htseq.counts.gz	Transcriptome Profiling	Gene Expression Quantification	TCGA-STAD	TCGA-BR-8291	TCGA-BR-8291-01A	Primary Tumor
cb34590d-ac15-4d3d-89bf-4e1c62580488	2e7840e6-2d64-41f7-afb3-bc0be331a80f.htseq.counts.gz	Transcriptome Profiling	Gene Expression Quantification	TCGA-STAD	TCGA-HU-8238	TCGA-HU-8238-01A	Primary Tumor
1737902d-702e-4ec5-b104-51146efd13e3	53db1847-ad1e-43d3-99a2-f6244679cc50.htseq.counts.gz	Transcriptome Profiling	Gene Expression Quantification	TCGA-STAD	TCGA-BR-6803	TCGA-BR-6803-01A	Primary Tumor
869c0ab6-efb2-4083-879d-930021f2a052	6e37f15c-f206-4f46-8fde-458c9d27bf1e.htseq.counts.gz	Transcriptome Profiling	Gene Expression Quantification	TCGA-STAD	TCGA-HU-A4H0	TCGA-HU-A4H0-01A	Primary Tumor
b3f8db83-5462-461f-b09d-b6375bef71a7	5d1a16dd-6c0c-4130-acd3-0573da2dc70c.htseq.counts.gz	Transcriptome Profiling	Gene Expression Quantification	TCGA-STAD	TCGA-VQ-A91S	TCGA-VQ-A91S-01A	Primary Tumor
400b638d-22ff-4dc9-b04f-37cb165d3998	b3edef4e-d42d-4933-8c5f-51269423687f.htseq.counts.gz	Transcriptome Profiling	Gene Expression Quantification	TCGA-STAD	TCGA-HU-A4GH	TCGA-HU-A4GH-01A	Primary Tumor
331253ec-1522-4e42-bed4-529320364200	efb7b03d-e283-47be-9233-edf945abb012.htseq.counts.gz	Transcriptome Profiling	Gene Expression Quantification	TCGA-STAD	TCGA-BR-8364	TCGA-BR-8364-01A	Primary Tumor
78bac8b0-9cd0-42f4-88fe-b7e89622017f	e5200a32-96d2-4dea-b78f-e0638e7b57de.htseq.counts.gz	Transcriptome Profiling	Gene Expression Quantification	TCGA-STAD	TCGA-FP-8209	TCGA-FP-8209-01A	Primary Tumor
9aac7704-83e5-445d-9cd5-3e77340c1a8d	c8f587c1-595c-4617-9f03-8a7eedc43910.htseq.counts.gz	Transcriptome Profiling	Gene Expression Quantification	TCGA-STAD	TCGA-R5-A7O7	TCGA-R5-A7O7-01A	Primary Tumor
c9188e6d-d899-490a-ad54-10ff4729460b	c92efe73-3258-44e8-aaa1-628ed1ca937d.htseq.counts.gz	Transcriptome Profiling	Gene Expression Quantification	TCGA-STAD	TCGA-HU-A4H8	TCGA-HU-A4H8-01A	Primary Tumor
581b7847-7e3f-4c99-b7a0-826cf3866058	01ed42c5-175d-4de0-a379-417f950113f6.htseq.counts.gz	Transcriptome Profiling	Gene Expression Quantification	TCGA-STAD	TCGA-HU-8249	TCGA-HU-8249-01A	Primary Tumor
e2a44cfc-329d-4aa9-b398-d79721e4d5ce	aef12c8f-bbc6-40e0-b1c8-f48f483b5770.htseq.counts.gz	Transcriptome Profiling	Gene Expression Quantification	TCGA-STAD	TCGA-VQ-A8PX	TCGA-VQ-A8PX-01A	Primary Tumor
4f9a2ad3-e7b0-4feb-80d1-f0968395edb3	040c3d49-addc-44eb-8b97-acdd4cc0a4a7.htseq.counts.gz	Transcriptome Profiling	Gene Expression Quantification	TCGA-STAD	TCGA-B7-A5TN	TCGA-B7-A5TN-01A	Primary Tumor
b4554b9c-10c2-4218-8f66-5aa8c11c8b94	afb77eb0-040c-4d6a-a920-8a9f207a8695.htseq.counts.gz	Transcriptome Profiling	Gene Expression Quantification	TCGA-STAD	TCGA-CG-5724	TCGA-CG-5724-01A	Primary Tumor
db792b65-155d-412d-a055-89903fc6ccef	a6e103f3-c0e2-4673-95ed-35bf7114ba9d.htseq.counts.gz	Transcriptome Profiling	Gene Expression Quantification	TCGA-STAD	TCGA-IN-A6RL	TCGA-IN-A6RL-01A	Primary Tumor
7b089cd4-27e8-4e90-9c02-581b3d24f35f	db006b3d-fe93-4453-a51e-d78d5c670f9f.htseq.counts.gz	Transcriptome Profiling	Gene Expression Quantification	TCGA-STAD	TCGA-BR-6565	TCGA-BR-6565-01A	Primary Tumor
6cb9b666-ac26-48dc-8fb0-cd9e3d0e17cd	c4f04946-d3e7-4f18-87b3-ea8ab5dbc82c.htseq.counts.gz	Transcriptome Profiling	Gene Expression Quantification	TCGA-STAD	TCGA-BR-6457	TCGA-BR-6457-11A	Solid Tissue Normal
d42d501f-be17-4aaf-834a-033eb4af5843	d62751ca-d171-4e69-8696-af61ed209647.htseq.counts.gz	Transcriptome Profiling	Gene Expression Quantification	TCGA-STAD	TCGA-VQ-A8PH	TCGA-VQ-A8PH-01A	Primary Tumor
f0c61c11-511d-49dc-b67f-101fb0400805	717d9887-98cf-4460-911f-13a93f31246a.htseq.counts.gz	Transcriptome Profiling	Gene Expression Quantification	TCGA-STAD	TCGA-ZQ-A9CR	TCGA-ZQ-A9CR-01A	Primary Tumor
8499074c-4792-4319-9646-b06718c4ab32	5ab45877-d918-435d-af1a-40aeeb60f957.htseq.counts.gz	Transcriptome Profiling	Gene Expression Quantification	TCGA-STAD	TCGA-HU-A4HB	TCGA-HU-A4HB-01A	Primary Tumor
9bc0a5e0-53a7-4d59-94b8-00b4db2fb682	69b4feb7-1adc-489f-87a9-1295207cc7a8.htseq.counts.gz	Transcriptome Profiling	Gene Expression Quantification	TCGA-STAD	TCGA-D7-A6EX	TCGA-D7-A6EX-01A	Primary Tumor
a5cfe23e-3ceb-433d-be83-5f33a628833e	b70f4e88-ec19-4a3b-bc7f-4a0a424f8f21.htseq.counts.gz	Transcriptome Profiling	Gene Expression Quantification	TCGA-STAD	TCGA-BR-8690	TCGA-BR-8690-01A	Primary Tumor
d206cea0-1f75-4c5f-855b-8f556a12d752	b5ff963b-4926-4af3-bab3-26697fba9155.htseq.counts.gz	Transcriptome Profiling	Gene Expression Quantification	TCGA-STAD	TCGA-BR-A4PF	TCGA-BR-A4PF-01A	Primary Tumor
ff86f02c-1066-4cdc-9cd7-6c19ab5d71c5	7c169d29-58cd-4f77-9e3e-eae41234e936.htseq.counts.gz	Transcriptome Profiling	Gene Expression Quantification	TCGA-STAD	TCGA-BR-A4J6	TCGA-BR-A4J6-01A	Primary Tumor
8c57de95-6340-474b-9e30-2f19f654274f	d44b4a3f-80d6-4648-a515-dc58438bbe13.htseq.counts.gz	Transcriptome Profiling	Gene Expression Quantification	TCGA-STAD	TCGA-BR-8677	TCGA-BR-8677-01A	Primary Tumor
1b1990d1-8e1f-495b-8533-f62d0e1bb682	d8b37f77-500a-4c1e-b344-41f4e0c6fea6.htseq.counts.gz	Transcriptome Profiling	Gene Expression Quantification	TCGA-STAD	TCGA-BR-A4J8	TCGA-BR-A4J8-01A	Primary Tumor
d4875c9e-67fd-424f-82f3-0d5ad5dd3c28	4060cf60-a8c9-4cb1-b096-97c9c556b26e.htseq.counts.gz	Transcriptome Profiling	Gene Expression Quantification	TCGA-STAD	TCGA-BR-8591	TCGA-BR-8591-01A	Primary Tumor
2bb4fd99-8cff-4b8b-80db-4f9033fad0f8	01411772-3c6a-494e-9a61-7e96812b785a.htseq.counts.gz	Transcriptome Profiling	Gene Expression Quantification	TCGA-STAD	TCGA-VQ-A8E2	TCGA-VQ-A8E2-01A	Primary Tumor
a2b25160-c0ca-4fc2-a6d3-413ad11abbf4	a8a9595b-e0b5-479e-8b7e-33595de6f4c6.htseq.counts.gz	Transcriptome Profiling	Gene Expression Quantification	TCGA-STAD	TCGA-D7-A748	TCGA-D7-A748-01A	Primary Tumor
80765a8d-cd2b-4bf5-a7eb-6e6feb628f31	0ea2d656-d880-425b-abe7-d1cab827aaf5.htseq.counts.gz	Transcriptome Profiling	Gene Expression Quantification	TCGA-STAD	TCGA-VQ-A91D	TCGA-VQ-A91D-01A	Primary Tumor
1bcbcc70-08da-4cd0-8469-bd0a4d154fd2	69057d67-b8fb-4e41-8961-ed1864ba3a4b.htseq.counts.gz	Transcriptome Profiling	Gene Expression Quantification	TCGA-STAD	TCGA-CG-4304	TCGA-CG-4304-01A	Primary Tumor
d10315e0-8ae8-4585-b6c1-f10aca4f50d6	ce216458-2523-4252-a95f-0251ce14723e.htseq.counts.gz	Transcriptome Profiling	Gene Expression Quantification	TCGA-STAD	TCGA-CG-4466	TCGA-CG-4466-01A	Primary Tumor
3bdbaf78-43ac-4458-921b-49e794d1d56a	d6df55ba-8285-497f-a8cb-96d85bb44fcc.htseq.counts.gz	Transcriptome Profiling	Gene Expression Quantification	TCGA-STAD	TCGA-BR-6458	TCGA-BR-6458-01A	Primary Tumor
98546094-d224-4f66-b33b-87587d83bfb3	bf1213f6-7956-47a8-a7d1-881d9d83971d.htseq.counts.gz	Transcriptome Profiling	Gene Expression Quantification	TCGA-STAD	TCGA-BR-7716	TCGA-BR-7716-11A	Solid Tissue Normal
93043dca-092d-4498-89a0-b6aef128a5ff	1e46ba47-0a66-4f70-b508-c619c6129e33.htseq.counts.gz	Transcriptome Profiling	Gene Expression Quantification	TCGA-STAD	TCGA-HU-A4GF	TCGA-HU-A4GF-01A	Primary Tumor
a5ea941e-e040-4b02-9413-4d71a24164a7	f0e2e252-00d1-4a1a-8342-7140b8aa676c.htseq.counts.gz	Transcriptome Profiling	Gene Expression Quantification	TCGA-STAD	TCGA-BR-8369	TCGA-BR-8369-01A	Primary Tumor
af1f7068-68c4-49ee-a6e7-09deebb16d0c	d2c53d67-fd5a-4b3f-ae58-b2a4b5922486.htseq.counts.gz	Transcriptome Profiling	Gene Expression Quantification	TCGA-STAD	TCGA-VQ-A8DU	TCGA-VQ-A8DU-01A	Primary Tumor
fb4d58be-3946-4ba4-8557-221dd242cc32	ebffc68e-1c01-4c13-8519-50d1dd9c6120.htseq.counts.gz	Transcriptome Profiling	Gene Expression Quantification	TCGA-STAD	TCGA-D7-6818	TCGA-D7-6818-01A	Primary Tumor
061eb87c-0340-4d44-b22e-86795c0b539d	c72c44df-8109-4088-b763-6c4ec474e375.htseq.counts.gz	Transcriptome Profiling	Gene Expression Quantification	TCGA-STAD	TCGA-HU-A4GP	TCGA-HU-A4GP-11A	Solid Tissue Normal
28dee8b7-78ce-47d9-b218-99493a1b3863	2d9de862-f644-45c2-9c96-d5d24d05f3f2.htseq.counts.gz	Transcriptome Profiling	Gene Expression Quantification	TCGA-STAD	TCGA-VQ-A91U	TCGA-VQ-A91U-01A	Primary Tumor
d11da87c-60de-463c-a155-e4163e162db2	6ab7a293-ffd5-4852-9856-448df21b9b08.htseq.counts.gz	Transcriptome Profiling	Gene Expression Quantification	TCGA-STAD	TCGA-BR-8059	TCGA-BR-8059-01A	Primary Tumor
8c0c2948-f3c1-462d-8ec8-c6bdd1108b43	8dd6d0ba-4819-4c05-a89d-f259637811d3.htseq.counts.gz	Transcriptome Profiling	Gene Expression Quantification	TCGA-STAD	TCGA-HU-8602	TCGA-HU-8602-01A	Primary Tumor
9f5e790a-251c-4afe-8c6a-c7202596b98a	e265b57f-ea33-4fed-9fa5-3706d7f6abf0.htseq.counts.gz	Transcriptome Profiling	Gene Expression Quantification	TCGA-STAD	TCGA-F1-6177	TCGA-F1-6177-01A	Primary Tumor
cffdd99b-9e50-4ccc-99d3-f8dd9093eb8e	d4fa1e61-bbc6-4ba9-aeec-4cc89ce539b8.htseq.counts.gz	Transcriptome Profiling	Gene Expression Quantification	TCGA-STAD	TCGA-BR-6566	TCGA-BR-6566-01A	Primary Tumor
fe4b2943-2b5e-436b-8c62-b1d99cab7a17	4feb4700-31bb-4c50-821c-f823614f27e1.htseq.counts.gz	Transcriptome Profiling	Gene Expression Quantification	TCGA-STAD	TCGA-VQ-AA6D	TCGA-VQ-AA6D-01A	Primary Tumor
a11d7513-7e29-4e0b-9e0a-93811a304222	e188310b-58a2-4dc8-a063-bc3cf7910619.htseq.counts.gz	Transcriptome Profiling	Gene Expression Quantification	TCGA-STAD	TCGA-CG-5721	TCGA-CG-5721-01A	Primary Tumor
78e36a62-dd4c-4330-bcd8-37d7dec8f455	a0663a73-caaf-4fac-ba78-967ba0f5e1d3.htseq.counts.gz	Transcriptome Profiling	Gene Expression Quantification	TCGA-STAD	TCGA-EQ-8122	TCGA-EQ-8122-01A	Primary Tumor
f6912ace-243f-4cb0-9edf-de1404781cdb	55c5dbf1-165f-4157-8313-39546369cabf.htseq.counts.gz	Transcriptome Profiling	Gene Expression Quantification	TCGA-STAD	TCGA-CG-4305	TCGA-CG-4305-01A	Primary Tumor
3a44af70-172a-4df6-ac4b-7ede52dfa58b	2daf968e-55ba-42e4-a420-25a691604027.htseq.counts.gz	Transcriptome Profiling	Gene Expression Quantification	TCGA-STAD	TCGA-HU-A4GC	TCGA-HU-A4GC-11A	Solid Tissue Normal
40beb314-5bb4-4cee-ab06-0838bf427d7d	043d917d-4265-43ad-be01-cf857ddd84eb.htseq.counts.gz	Transcriptome Profiling	Gene Expression Quantification	TCGA-STAD	TCGA-BR-8589	TCGA-BR-8589-01A	Primary Tumor
aca58f67-1fa5-47d8-9a49-4b2de0590420	52e0e5b5-216f-48fb-816c-133e57cfff6b.htseq.counts.gz	Transcriptome Profiling	Gene Expression Quantification	TCGA-STAD	TCGA-CD-8533	TCGA-CD-8533-01A	Primary Tumor
37b2a7c8-4309-44b1-9790-e1d79d924201	4a4bd28f-9f5a-4e6f-8804-1ab0a6761be2.htseq.counts.gz	Transcriptome Profiling	Gene Expression Quantification	TCGA-STAD	TCGA-B7-5818	TCGA-B7-5818-01A	Primary Tumor
7087e5b2-ae6e-447b-8a59-5ffb19c6ba78	db44ca4e-638f-4f54-bb87-905295f60ec4.htseq.counts.gz	Transcriptome Profiling	Gene Expression Quantification	TCGA-STAD	TCGA-CD-5803	TCGA-CD-5803-01A	Primary Tumor
42aac496-2f07-49e7-94ca-19d3659c2acf	6410067f-e1a3-40dc-b7d1-2b0dc926b72c.htseq.counts.gz	Transcriptome Profiling	Gene Expression Quantification	TCGA-STAD	TCGA-BR-8487	TCGA-BR-8487-01A	Primary Tumor
57aa2ba1-c539-4030-8a18-cf83c80e909a	30ff21ce-3955-4a43-85fa-15dc6c60d8f8.htseq.counts.gz	Transcriptome Profiling	Gene Expression Quantification	TCGA-STAD	TCGA-HU-A4H5	TCGA-HU-A4H5-01A	Primary Tumor
b2142d9c-57a1-4203-b9fc-30337f008e7f	b0ca67d9-b6c5-47b6-8ad1-045e05bc96aa.htseq.counts.gz	Transcriptome Profiling	Gene Expression Quantification	TCGA-STAD	TCGA-BR-8592	TCGA-BR-8592-01A	Primary Tumor
e1c91beb-a0c0-46a5-85da-785196ec14c6	7e3eb4a6-fc8e-4ae7-ab52-50f85390f78b.htseq.counts.gz	Transcriptome Profiling	Gene Expression Quantification	TCGA-STAD	TCGA-VQ-A91X	TCGA-VQ-A91X-01A	Primary Tumor
60488726-f534-4f8c-83b9-93d2e4b129e0	1212a484-922a-4038-81a3-eacc506da847.htseq.counts.gz	Transcriptome Profiling	Gene Expression Quantification	TCGA-STAD	TCGA-VQ-A923	TCGA-VQ-A923-01A	Primary Tumor
c2453442-5931-4923-b7e1-efbfcbba6c2c	dce4f9da-a55d-4e45-b014-1e67684a4ffb.htseq.counts.gz	Transcriptome Profiling	Gene Expression Quantification	TCGA-STAD	TCGA-BR-6563	TCGA-BR-6563-01A	Primary Tumor
67dd7cba-b289-46fa-abc8-5efb5a3adda5	a59f1d5e-2ae8-49cb-a77e-ba53a7ea15c3.htseq.counts.gz	Transcriptome Profiling	Gene Expression Quantification	TCGA-STAD	TCGA-VQ-A922	TCGA-VQ-A922-01A	Primary Tumor
e33b255c-8866-4b9e-8c97-d2960391743d	cd9bd9ec-7a53-41b2-a4a0-9e9e81e2ee89.htseq.counts.gz	Transcriptome Profiling	Gene Expression Quantification	TCGA-STAD	TCGA-VQ-A8E7	TCGA-VQ-A8E7-01B	Primary Tumor
06e4b251-cef2-4a98-96ab-c3b31111674f	34443851-8f41-46bd-b63b-d522bf8a2f40.htseq.counts.gz	Transcriptome Profiling	Gene Expression Quantification	TCGA-STAD	TCGA-BR-7851	TCGA-BR-7851-11A	Solid Tissue Normal
cc2cf623-1e2d-4d57-90f6-99b170682e52	15493bfe-06ff-4b95-beb1-92e511920cb4.htseq.counts.gz	Transcriptome Profiling	Gene Expression Quantification	TCGA-STAD	TCGA-BR-4370	TCGA-BR-4370-01A	Primary Tumor
93e5ffd0-9fa4-4452-b7b5-b1c36d5cad1f	f60b4be3-9340-4e44-9e5b-f840a1bd9f9c.htseq.counts.gz	Transcriptome Profiling	Gene Expression Quantification	TCGA-STAD	TCGA-D7-A6EZ	TCGA-D7-A6EZ-01A	Primary Tumor
5f34bf76-4ee7-42f8-88a4-12e8f957720a	6a81a67c-8817-4324-a773-996745aefdb5.htseq.counts.gz	Transcriptome Profiling	Gene Expression Quantification	TCGA-STAD	TCGA-CG-4306	TCGA-CG-4306-01A	Primary Tumor
c5e996a4-f1a3-4334-80ed-000c077ef7ad	798c7adc-05f0-4672-947a-1a53a9ed7340.htseq.counts.gz	Transcriptome Profiling	Gene Expression Quantification	TCGA-STAD	TCGA-BR-4294	TCGA-BR-4294-01A	Primary Tumor
0ce4465c-3a68-44c7-852c-c57f80eb8c1f	ed7e3d85-3fc4-4fbe-8feb-13ad31e8cf70.htseq.counts.gz	Transcriptome Profiling	Gene Expression Quantification	TCGA-STAD	TCGA-D7-6525	TCGA-D7-6525-01A	Primary Tumor
fe287235-fc4f-4d17-aaf0-edcf0b7ac385	53d955d3-4c8d-4549-ba45-8917953e63c1.htseq.counts.gz	Transcriptome Profiling	Gene Expression Quantification	TCGA-STAD	TCGA-BR-8686	TCGA-BR-8686-01A	Primary Tumor
57d43a4d-fc29-4c03-88ea-1406211b3c40	1fa9dd31-dda6-4598-8a67-c20e4d415c6a.htseq.counts.gz	Transcriptome Profiling	Gene Expression Quantification	TCGA-STAD	TCGA-BR-4363	TCGA-BR-4363-01A	Primary Tumor
13d2dcab-108b-4fd7-ab92-4beab709abd3	afc60bb6-6efc-4174-ade2-d148223ddf4b.htseq.counts.gz	Transcriptome Profiling	Gene Expression Quantification	TCGA-STAD	TCGA-HU-A4HB	TCGA-HU-A4HB-11A	Solid Tissue Normal
814f73a7-04f6-4b30-810e-90c557ea1e84	3a55c873-bda1-4c1f-89fb-89925e08008c.htseq.counts.gz	Transcriptome Profiling	Gene Expression Quantification	TCGA-STAD	TCGA-CG-5722	TCGA-CG-5722-11A	Solid Tissue Normal
bb5df010-fc11-4efc-9b23-570989238922	5ba370c6-6456-4b48-a0bd-f2976dce0262.htseq.counts.gz	Transcriptome Profiling	Gene Expression Quantification	TCGA-STAD	TCGA-CG-4475	TCGA-CG-4475-01A	Primary Tumor
fc7e99a7-2955-4af8-be85-fcf0a4368101	1b82b231-0151-46e3-9e71-3c2ceb78d051.htseq.counts.gz	Transcriptome Profiling	Gene Expression Quantification	TCGA-STAD	TCGA-BR-8680	TCGA-BR-8680-01A	Primary Tumor
c333ead2-d7bb-4056-803c-ee01bd927d40	1317e4d4-2c33-494b-bb77-aa9997327a41.htseq.counts.gz	Transcriptome Profiling	Gene Expression Quantification	TCGA-STAD	TCGA-ZA-A8F6	TCGA-ZA-A8F6-01A	Primary Tumor
770e02cd-e1a7-4780-86e8-816400663883	773801e2-4938-4bf4-bccc-6e1694d2d4f5.htseq.counts.gz	Transcriptome Profiling	Gene Expression Quantification	TCGA-STAD	TCGA-IN-A7NU	TCGA-IN-A7NU-01A	Primary Tumor
ff06eb24-1f14-4d2b-93c5-eb64faecdfc4	40096c84-0ef0-4d51-a862-f74ca9c509bb.htseq.counts.gz	Transcriptome Profiling	Gene Expression Quantification	TCGA-STAD	TCGA-CG-4436	TCGA-CG-4436-01A	Primary Tumor
c8f280d0-0d65-492d-9b03-4e46642f2c3a	ad3d7176-bc4a-4bd3-a3e9-3f62965dd9ba.htseq.counts.gz	Transcriptome Profiling	Gene Expression Quantification	TCGA-STAD	TCGA-BR-8484	TCGA-BR-8484-01A	Primary Tumor
5f808a4d-2b0e-4bbc-89c6-dc38eac7dda3	3c46808e-9330-4d25-9424-45da6154fed6.htseq.counts.gz	Transcriptome Profiling	Gene Expression Quantification	TCGA-STAD	TCGA-IN-8663	TCGA-IN-8663-01A	Primary Tumor
9b534197-7386-4616-a075-0a741a3c00ba	086afb05-0f3f-41b9-8cc9-226088794af8.htseq.counts.gz	Transcriptome Profiling	Gene Expression Quantification	TCGA-STAD	TCGA-BR-8058	TCGA-BR-8058-01A	Primary Tumor
49626653-bbf9-4c00-b20a-75d6f0c8ebff	637b3148-f0e2-4c0b-87e0-5f33f32a9e95.htseq.counts.gz	Transcriptome Profiling	Gene Expression Quantification	TCGA-STAD	TCGA-VQ-A91K	TCGA-VQ-A91K-01A	Primary Tumor
d68a7710-1a2d-467d-9bd7-88b89370e43c	510293b0-9812-443f-9ffe-3c3ce78528f6.htseq.counts.gz	Transcriptome Profiling	Gene Expression Quantification	TCGA-STAD	TCGA-CD-A486	TCGA-CD-A486-01A	Primary Tumor
0f683c66-7b81-4c16-95d9-d73aa1c8d7d1	935132e7-8ba2-4794-a14e-00d60dc28451.htseq.counts.gz	Transcriptome Profiling	Gene Expression Quantification	TCGA-STAD	TCGA-VQ-AA6G	TCGA-VQ-AA6G-01A	Primary Tumor
ed7bc313-1430-4400-9b6e-98d49c3775ab	5842e504-1884-4043-a025-a53d22267f4e.htseq.counts.gz	Transcriptome Profiling	Gene Expression Quantification	TCGA-STAD	TCGA-BR-A44U	TCGA-BR-A44U-01A	Primary Tumor
c19bb41d-a06d-4e93-9557-6c60ea6b66c2	6a5dd3ed-c946-461c-a98e-c19e73ba3ef6.htseq.counts.gz	Transcriptome Profiling	Gene Expression Quantification	TCGA-STAD	TCGA-HU-A4GX	TCGA-HU-A4GX-01A	Primary Tumor
41f16044-b0a6-4e3d-b08f-af48d03433d3	e49b0cc5-3b8f-488d-8914-a8e0c761abf5.htseq.counts.gz	Transcriptome Profiling	Gene Expression Quantification	TCGA-STAD	TCGA-RD-A7BS	TCGA-RD-A7BS-01A	Primary Tumor
0edbbad4-3456-4f39-9911-a4519f37aee8	01f7a9ce-6667-438c-944b-f40f7c66b5f9.htseq.counts.gz	Transcriptome Profiling	Gene Expression Quantification	TCGA-STAD	TCGA-BR-8678	TCGA-BR-8678-01A	Primary Tumor
bbd0bbfc-eb5b-4ea5-af3b-6750a0439ea7	b95fdfeb-6d9e-4bfc-8eb9-02b76d644c71.htseq.counts.gz	Transcriptome Profiling	Gene Expression Quantification	TCGA-STAD	TCGA-RD-A7BT	TCGA-RD-A7BT-01A	Primary Tumor
04dc0b3f-b70b-46de-a09d-b474f9f64a7b	ffe2a523-ea55-407c-a5ca-52d3a184f232.htseq.counts.gz	Transcriptome Profiling	Gene Expression Quantification	TCGA-STAD	TCGA-D7-6815	TCGA-D7-6815-01A	Primary Tumor
7197f56b-6951-4c59-95af-c6149f2314ef	7ee0b15b-35de-4df0-a904-d92f86a4cd28.htseq.counts.gz	Transcriptome Profiling	Gene Expression Quantification	TCGA-STAD	TCGA-B7-A5TJ	TCGA-B7-A5TJ-01A	Primary Tumor
eaa40588-efb1-4697-9e0f-b2a6e634ebee	9f33b653-6241-4d18-95d8-fe6ab4126524.htseq.counts.gz	Transcriptome Profiling	Gene Expression Quantification	TCGA-STAD	TCGA-VQ-A927	TCGA-VQ-A927-01A	Primary Tumor
b0f08f11-4eb4-4988-bfdb-06d7b7a1e91d	8a50a07c-3837-4f7f-aeb2-aa7d5d38f2eb.htseq.counts.gz	Transcriptome Profiling	Gene Expression Quantification	TCGA-STAD	TCGA-R5-A7ZF	TCGA-R5-A7ZF-01A	Primary Tumor
25a5c6f7-ff8c-4725-886c-6773cfda017d	e59a27c7-5db4-4046-9d59-b10ce97c4518.htseq.counts.gz	Transcriptome Profiling	Gene Expression Quantification	TCGA-STAD	TCGA-D7-8576	TCGA-D7-8576-01A	Primary Tumor
0c0cd241-29ba-4eb7-aaaf-cb02c718de09	f1d3adba-2220-49eb-989c-391d22e378f2.htseq.counts.gz	Transcriptome Profiling	Gene Expression Quantification	TCGA-STAD	TCGA-BR-4201	TCGA-BR-4201-01A	Primary Tumor
cded74b8-ad68-4820-9014-ab10e42916f7	c2827d52-b38d-4004-8730-d3769b891187.htseq.counts.gz	Transcriptome Profiling	Gene Expression Quantification	TCGA-STAD	TCGA-IN-AB1V	TCGA-IN-AB1V-01A	Primary Tumor
838c1e4f-7a58-4097-9d74-927dc214a96a	fb5fcf05-c7e4-450b-9ea8-3d1e5c031d2e.htseq.counts.gz	Transcriptome Profiling	Gene Expression Quantification	TCGA-STAD	TCGA-BR-4280	TCGA-BR-4280-01A	Primary Tumor
6e661601-bb04-4317-a108-6e164c3088ee	7b8efa91-179f-44e1-9019-a3361b81a020.htseq.counts.gz	Transcriptome Profiling	Gene Expression Quantification	TCGA-STAD	TCGA-BR-6454	TCGA-BR-6454-11A	Solid Tissue Normal
155bcdbc-c430-45f3-b964-17e32d04f421	372c0939-f982-481d-b0a8-691eddf5e154.htseq.counts.gz	Transcriptome Profiling	Gene Expression Quantification	TCGA-STAD	TCGA-VQ-A8PU	TCGA-VQ-A8PU-01A	Primary Tumor
2aab1d18-beee-49ab-83a5-d121c2456dcb	4bba621f-d7b8-40ae-8ddb-344e0b6ae639.htseq.counts.gz	Transcriptome Profiling	Gene Expression Quantification	TCGA-STAD	TCGA-IN-7808	TCGA-IN-7808-01A	Primary Tumor
8beb34f0-bd24-4828-ad46-3585d5dee301	71d0b85c-4b4e-45b8-af0c-ca264d05df4c.htseq.counts.gz	Transcriptome Profiling	Gene Expression Quantification	TCGA-STAD	TCGA-CD-A48C	TCGA-CD-A48C-01A	Primary Tumor
53557431-b279-474c-bda4-900859605164	3aabd300-ffc2-46dd-81ff-492c6bcee361.htseq.counts.gz	Transcriptome Profiling	Gene Expression Quantification	TCGA-STAD	TCGA-BR-7197	TCGA-BR-7197-01A	Primary Tumor
755674ed-cb5d-4b0b-8686-e1bd5c913bc5	53b97b27-881d-4a39-9b19-4cbe8cdc256a.htseq.counts.gz	Transcriptome Profiling	Gene Expression Quantification	TCGA-STAD	TCGA-BR-8368	TCGA-BR-8368-01A	Primary Tumor
92e191d6-c912-46ff-9e60-a187cd418f0a	4d7c2b0e-f62b-4893-9d88-70a83688e1cf.htseq.counts.gz	Transcriptome Profiling	Gene Expression Quantification	TCGA-STAD	TCGA-BR-7723	TCGA-BR-7723-01A	Primary Tumor
755486dc-a387-4dc8-8066-a9b689a308dd	0280b3ee-98fa-476f-a924-de4d4ad5d3b9.htseq.counts.gz	Transcriptome Profiling	Gene Expression Quantification	TCGA-STAD	TCGA-BR-6455	TCGA-BR-6455-01A	Primary Tumor
a5b9d6ed-80fe-451a-bc57-80b35f6ca3d9	b3113d8e-5469-460e-a143-e51d07c64e48.htseq.counts.gz	Transcriptome Profiling	Gene Expression Quantification	TCGA-STAD	TCGA-HU-A4GU	TCGA-HU-A4GU-01A	Primary Tumor
627f2f20-0ab9-463d-ae49-912aee1912a4	e8001d61-9fad-46e0-b1f0-84551540eb61.htseq.counts.gz	Transcriptome Profiling	Gene Expression Quantification	TCGA-STAD	TCGA-BR-8676	TCGA-BR-8676-01A	Primary Tumor
4dc1242d-9262-4a64-b58c-a620f837c63c	f7af0b8a-cbd3-4246-8b24-fb081450e6fd.htseq.counts.gz	Transcriptome Profiling	Gene Expression Quantification	TCGA-STAD	TCGA-KB-A93J	TCGA-KB-A93J-01A	Primary Tumor
2166fe18-dcfb-4fc5-bcbe-785cefce398e	9f635b0b-54a6-4d5a-9651-98d7d765a738.htseq.counts.gz	Transcriptome Profiling	Gene Expression Quantification	TCGA-STAD	TCGA-D7-A6EV	TCGA-D7-A6EV-01A	Primary Tumor
77f5e6a3-6032-4408-830d-c4a7fe76857e	f9e903c4-2d69-44d2-934d-599e03d65409.htseq.counts.gz	Transcriptome Profiling	Gene Expression Quantification	TCGA-STAD	TCGA-CD-8527	TCGA-CD-8527-01A	Primary Tumor
592bd84c-aeda-40e3-b0fd-77c71fd1c45f	fd08169b-d14b-4f73-858e-6152cd40fba3.htseq.counts.gz	Transcriptome Profiling	Gene Expression Quantification	TCGA-STAD	TCGA-CG-5723	TCGA-CG-5723-01A	Primary Tumor
87fc2a6c-a23c-4561-89da-0d3c42697d7f	6f9aaea7-dd2e-4baf-9fd1-00c8ff4b23ba.htseq.counts.gz	Transcriptome Profiling	Gene Expression Quantification	TCGA-STAD	TCGA-BR-4253	TCGA-BR-4253-01A	Primary Tumor
69664203-b829-4ea6-8d2c-b84b4e56a5c6	2cc4e9d5-f811-4611-9ad1-f5dee97b5c23.htseq.counts.gz	Transcriptome Profiling	Gene Expression Quantification	TCGA-STAD	TCGA-BR-6705	TCGA-BR-6705-01A	Primary Tumor
76cc4926-ad90-42a2-a158-cd4f832ab7fd	c1459cbf-7d8f-43b8-a69c-bc824454929e.htseq.counts.gz	Transcriptome Profiling	Gene Expression Quantification	TCGA-STAD	TCGA-BR-8365	TCGA-BR-8365-01A	Primary Tumor
c7abc173-72be-415b-8148-a204a2dbc6b6	d87d0953-d2e5-41cc-b990-be54539779be.htseq.counts.gz	Transcriptome Profiling	Gene Expression Quantification	TCGA-STAD	TCGA-VQ-A8PP	TCGA-VQ-A8PP-01A	Primary Tumor
a8e42d41-45f8-4ea0-8d2b-441031f8b1d9	176fb648-e391-42ea-a50e-e5e6a3926b50.htseq.counts.gz	Transcriptome Profiling	Gene Expression Quantification	TCGA-STAD	TCGA-HU-8238	TCGA-HU-8238-11A	Solid Tissue Normal
c841db0f-53df-4ef3-84e4-5b13e642cc14	4cec94cb-d067-4b23-a74b-98da46134562.htseq.counts.gz	Transcriptome Profiling	Gene Expression Quantification	TCGA-STAD	TCGA-BR-8380	TCGA-BR-8380-01A	Primary Tumor
f50561fe-900b-4ed2-90ff-803521bf29f0	5092fe52-3d20-476a-859e-4e33f322eb41.htseq.counts.gz	Transcriptome Profiling	Gene Expression Quantification	TCGA-STAD	TCGA-FP-7916	TCGA-FP-7916-01A	Primary Tumor
e4ce09ce-6ded-46ab-a0a6-844950ddf4bf	8d6fe4ac-a51e-4558-909d-1df555934c12.htseq.counts.gz	Transcriptome Profiling	Gene Expression Quantification	TCGA-STAD	TCGA-HU-A4HD	TCGA-HU-A4HD-01A	Primary Tumor
a38bd345-c7f7-4ac4-b099-7e3abdb5ff28	0764ef9f-226c-4cbc-b0d7-79c47f215d74.htseq.counts.gz	Transcriptome Profiling	Gene Expression Quantification	TCGA-STAD	TCGA-VQ-A91Z	TCGA-VQ-A91Z-01A	Primary Tumor
ba721e40-4581-418d-81b1-af625388954d	253560ae-d7c5-4f89-9283-328913159c7a.htseq.counts.gz	Transcriptome Profiling	Gene Expression Quantification	TCGA-STAD	TCGA-CG-4441	TCGA-CG-4441-01A	Primary Tumor
f5b1f130-b95d-4be4-a6d4-f777f35bb0d4	34cbab94-3d2f-429b-9c67-4a491bf6fcce.htseq.counts.gz	Transcriptome Profiling	Gene Expression Quantification	TCGA-STAD	TCGA-IN-A6RN	TCGA-IN-A6RN-01A	Primary Tumor
d160934b-a360-4bb1-a95e-ced235290caf	5e422c8a-d785-4e68-b43d-d3697e1e4ab4.htseq.counts.gz	Transcriptome Profiling	Gene Expression Quantification	TCGA-STAD	TCGA-MX-A666	TCGA-MX-A666-01A	Primary Tumor
4f7b7c4e-d9ba-497e-b300-e1351c40af0a	031427bb-a5ad-4e3a-909e-51e1548d81e7.htseq.counts.gz	Transcriptome Profiling	Gene Expression Quantification	TCGA-STAD	TCGA-BR-4368	TCGA-BR-4368-01A	Primary Tumor
da02721e-765a-4fb2-8167-baaebe3396da	a861c037-da5e-480a-a006-d2747114b1dc.htseq.counts.gz	Transcriptome Profiling	Gene Expression Quantification	TCGA-STAD	TCGA-IN-AB1X	TCGA-IN-AB1X-11A	Solid Tissue Normal
5867545f-d483-4a1a-9e79-e8f672dd8498	b810e759-2e8f-4b30-9d76-d0c11e93ca1e.htseq.counts.gz	Transcriptome Profiling	Gene Expression Quantification	TCGA-STAD	TCGA-CG-5717	TCGA-CG-5717-01A	Primary Tumor
2d4afd19-1b4d-46c2-bad0-ee33e6edcd2b	da599370-9aab-4f2f-8fd0-93c2be5b35f6.htseq.counts.gz	Transcriptome Profiling	Gene Expression Quantification	TCGA-STAD	TCGA-CG-5716	TCGA-CG-5716-01A	Primary Tumor
b66175d0-e5af-4acc-a719-f9fe9b4b1a23	dc9a90f9-cfee-4e75-b1b4-ace36b09ea16.htseq.counts.gz	Transcriptome Profiling	Gene Expression Quantification	TCGA-STAD	TCGA-FP-A9TM	TCGA-FP-A9TM-01A	Primary Tumor
76e33b7b-112f-46e8-b827-89e044e6f355	bf152db9-25c5-42b4-a96d-92e282099a0f.htseq.counts.gz	Transcriptome Profiling	Gene Expression Quantification	TCGA-STAD	TCGA-BR-8483	TCGA-BR-8483-01A	Primary Tumor
bfae927a-6565-4883-816b-ace8c9f2015c	c763732d-3465-4723-9faf-5cc8f253c7b7.htseq.counts.gz	Transcriptome Profiling	Gene Expression Quantification	TCGA-STAD	TCGA-VQ-A8PD	TCGA-VQ-A8PD-01A	Primary Tumor
2b34a4c4-4e79-4a28-9c4d-4f1a6a0f4f34	c79e2e9a-9749-4b7f-9ef4-0b893d818b73.htseq.counts.gz	Transcriptome Profiling	Gene Expression Quantification	TCGA-STAD	TCGA-VQ-A8PJ	TCGA-VQ-A8PJ-01A	Primary Tumor
29d0b228-2769-4fd9-a969-249eb5624e4e	5ca25e56-8607-4473-a543-b3be515d5236.htseq.counts.gz	Transcriptome Profiling	Gene Expression Quantification	TCGA-STAD	TCGA-BR-6802	TCGA-BR-6802-11A	Solid Tissue Normal
4036bb8b-7f8b-4177-b819-5d23d9b95904	a4a2ec43-60ae-4d6a-8edc-fb247f2d3b76.htseq.counts.gz	Transcriptome Profiling	Gene Expression Quantification	TCGA-STAD	TCGA-BR-6802	TCGA-BR-6802-01A	Primary Tumor
2557c2f9-a217-47a2-858c-1e8a78fcc8d2	9d146f01-0ffb-4e15-a87a-f4f4b579d143.htseq.counts.gz	Transcriptome Profiling	Gene Expression Quantification	TCGA-STAD	TCGA-HU-A4GH	TCGA-HU-A4GH-11A	Solid Tissue Normal
28237cdf-2443-4a7f-9a9e-89cc39a4c974	5f27cd2c-89aa-4c03-9967-dae81c64d088.htseq.counts.gz	Transcriptome Profiling	Gene Expression Quantification	TCGA-STAD	TCGA-D7-6520	TCGA-D7-6520-01A	Primary Tumor
c6a89a7c-0245-4adb-a021-28601ee6874d	435d039d-6952-4999-aa24-60f05dc8d00c.htseq.counts.gz	Transcriptome Profiling	Gene Expression Quantification	TCGA-STAD	TCGA-BR-6453	TCGA-BR-6453-01A	Primary Tumor
16c6fa1d-551c-4efb-a6bf-7c809496ee2b	0a4893c6-92fc-49d1-9747-e99b7f5326a3.htseq.counts.gz	Transcriptome Profiling	Gene Expression Quantification	TCGA-STAD	TCGA-BR-6709	TCGA-BR-6709-01A	Primary Tumor
1e579949-ff4f-4c2f-9fd2-98eccc8779e3	29186088-af3e-4fb0-a547-34a45e19673e.htseq.counts.gz	Transcriptome Profiling	Gene Expression Quantification	TCGA-STAD	TCGA-CG-4443	TCGA-CG-4443-01A	Primary Tumor
b226a739-dce0-4166-a484-fb66235a7baf	79bf01d6-fd5e-490a-866f-26a50127ffa9.htseq.counts.gz	Transcriptome Profiling	Gene Expression Quantification	TCGA-STAD	TCGA-R5-A7ZR	TCGA-R5-A7ZR-01A	Primary Tumor
371c71d1-5f6f-4f05-baeb-82b0e7d2553f	32d19362-1f02-4584-b30a-758c1ba99c8a.htseq.counts.gz	Transcriptome Profiling	Gene Expression Quantification	TCGA-STAD	TCGA-VQ-A8P3	TCGA-VQ-A8P3-01A	Primary Tumor
e9631661-a754-4aa6-87b3-ef50999aeff9	dabe230e-b7bb-469c-8d6c-0aa5dc9fcd8d.htseq.counts.gz	Transcriptome Profiling	Gene Expression Quantification	TCGA-STAD	TCGA-HU-A4H3	TCGA-HU-A4H3-01A	Primary Tumor
c7a39cd9-4b42-4837-9aad-8a685425b375	a47576ed-29ae-4bdd-8c64-d154637172dd.htseq.counts.gz	Transcriptome Profiling	Gene Expression Quantification	TCGA-STAD	TCGA-D7-A6F2	TCGA-D7-A6F2-01A	Primary Tumor
e8c09be4-5ce0-47c0-8355-cb1217720b93	88cff3f6-03c3-494f-a85d-d29ec76fda97.htseq.counts.gz	Transcriptome Profiling	Gene Expression Quantification	TCGA-STAD	TCGA-BR-6457	TCGA-BR-6457-01A	Primary Tumor
bfe19078-c97b-475b-a1e4-2e88ff31b716	8b024b8a-d726-4abc-a81b-4a6f316a4575.htseq.counts.gz	Transcriptome Profiling	Gene Expression Quantification	TCGA-STAD	TCGA-CG-4476	TCGA-CG-4476-01A	Primary Tumor
c3e2e256-032a-4ebc-b15f-9243cba865fa	9e18e4be-2f38-48f5-bef5-168986c06b0f.htseq.counts.gz	Transcriptome Profiling	Gene Expression Quantification	TCGA-STAD	TCGA-BR-4187	TCGA-BR-4187-01A	Primary Tumor
c9c17a4f-641b-4cd5-9171-c98d14b0a5a8	fc27bb25-5588-408c-ac7f-d6ac942aa131.htseq.counts.gz	Transcriptome Profiling	Gene Expression Quantification	TCGA-STAD	TCGA-BR-8060	TCGA-BR-8060-01A	Primary Tumor
faedcc87-93e4-40d4-b9d9-0b887e8a729a	451269e0-e2db-4e12-b1d3-d2b07c2c3b57.htseq.counts.gz	Transcriptome Profiling	Gene Expression Quantification	TCGA-STAD	TCGA-BR-7716	TCGA-BR-7716-01A	Primary Tumor
94e80933-b7af-45e9-a8bf-ee5791865a98	d45139de-f2a0-4895-9602-20db5dc604c4.htseq.counts.gz	Transcriptome Profiling	Gene Expression Quantification	TCGA-STAD	TCGA-VQ-A91Q	TCGA-VQ-A91Q-01A	Primary Tumor
d9da2239-da1f-4bf5-a31d-370c1eba39e4	b56816e8-6580-4402-b67e-c4400923a6d7.htseq.counts.gz	Transcriptome Profiling	Gene Expression Quantification	TCGA-STAD	TCGA-BR-8361	TCGA-BR-8361-01A	Primary Tumor
b725008d-0442-4eed-b8b2-890a11b0916e	c5d8fc6f-2f81-41b4-8271-78d92e23f77f.htseq.counts.gz	Transcriptome Profiling	Gene Expression Quantification	TCGA-STAD	TCGA-D7-A747	TCGA-D7-A747-01A	Primary Tumor
f394835f-3751-4a33-bc39-fe7d6a9fff5b	d2fe9a94-a39e-442a-9731-54d821cfa6a6.htseq.counts.gz	Transcriptome Profiling	Gene Expression Quantification	TCGA-STAD	TCGA-D7-8578	TCGA-D7-8578-01A	Primary Tumor
d1c7085e-d222-43e6-9ea2-e773e335cbfc	750ae6fb-2511-46cb-966d-c71b86fe6f22.htseq.counts.gz	Transcriptome Profiling	Gene Expression Quantification	TCGA-STAD	TCGA-D7-A6F0	TCGA-D7-A6F0-01A	Primary Tumor
0dc94b1a-83c2-4305-b903-dcb26ecf4a32	cd3fbe8b-71e3-4437-983f-809f1ae5e9cf.htseq.counts.gz	Transcriptome Profiling	Gene Expression Quantification	TCGA-STAD	TCGA-VQ-A94T	TCGA-VQ-A94T-01A	Primary Tumor
24d999c6-5054-4704-8122-8713bd76eb63	28bfefe4-61de-4e9e-8027-686fd9dd425b.htseq.counts.gz	Transcriptome Profiling	Gene Expression Quantification	TCGA-STAD	TCGA-CG-5720	TCGA-CG-5720-11A	Solid Tissue Normal
df04cbff-0943-43de-a2d5-e46b34526e98	18ac8907-2d00-441f-82ec-2255814e3f5c.htseq.counts.gz	Transcriptome Profiling	Gene Expression Quantification	TCGA-STAD	TCGA-VQ-AA68	TCGA-VQ-AA68-01A	Primary Tumor
b0899cb0-4c3d-4336-9139-0398092ad864	7b1b9628-1a27-4b0a-a34f-59a7178fc307.htseq.counts.gz	Transcriptome Profiling	Gene Expression Quantification	TCGA-STAD	TCGA-CG-5720	TCGA-CG-5720-01A	Primary Tumor
866e1f86-9bf6-41c0-be39-9d51fcebdfab	af2da8cd-d6d2-4a95-acaf-1330e8f63b52.htseq.counts.gz	Transcriptome Profiling	Gene Expression Quantification	TCGA-STAD	TCGA-BR-A4IV	TCGA-BR-A4IV-01A	Primary Tumor
01f0fd5d-1043-43e0-ad22-535d8bbbb408	5d27bcee-a163-4f7f-aa71-a608f4460493.htseq.counts.gz	Transcriptome Profiling	Gene Expression Quantification	TCGA-STAD	TCGA-BR-4371	TCGA-BR-4371-01A	Primary Tumor
4ce7a78f-694b-4bd6-910d-526180d6646a	559fe14a-1ebb-45bd-9fc7-2ccd5a3414e9.htseq.counts.gz	Transcriptome Profiling	Gene Expression Quantification	TCGA-STAD	TCGA-CD-8528	TCGA-CD-8528-01A	Primary Tumor
861f520e-8454-4a7f-aa07-c2c877a6f6a4	60617dd3-dd93-4b82-a87a-f7c89defcbca.htseq.counts.gz	Transcriptome Profiling	Gene Expression Quantification	TCGA-STAD	TCGA-BR-8077	TCGA-BR-8077-01A	Primary Tumor
2f657a01-2360-4335-bb1f-408967049c93	82ffe38d-a03e-4b2c-93bf-8a10cd37ed51.htseq.counts.gz	Transcriptome Profiling	Gene Expression Quantification	TCGA-STAD	TCGA-CD-8531	TCGA-CD-8531-01A	Primary Tumor
990f70d4-ad29-4a80-aebe-c01328121170	32860e74-cf2c-4537-b4cb-83e62cf0a4db.htseq.counts.gz	Transcriptome Profiling	Gene Expression Quantification	TCGA-STAD	TCGA-HU-8244	TCGA-HU-8244-01A	Primary Tumor
88a32ac3-f70b-447d-9aec-824e703ccaa1	5a9910f9-71b4-45fa-bd9a-09538ad02a7f.htseq.counts.gz	Transcriptome Profiling	Gene Expression Quantification	TCGA-STAD	TCGA-VQ-AA6A	TCGA-VQ-AA6A-01A	Primary Tumor
9c977209-00be-474c-bb95-280e70f7b7eb	749efeb5-db08-4ccd-8cd6-767ca80c85a8.htseq.counts.gz	Transcriptome Profiling	Gene Expression Quantification	TCGA-STAD	TCGA-BR-A4J9	TCGA-BR-A4J9-01A	Primary Tumor
4afae22f-a185-4ecc-ac87-1d7f0b137002	7fd04c4f-8993-476d-85c2-550ace1c0251.htseq.counts.gz	Transcriptome Profiling	Gene Expression Quantification	TCGA-STAD	TCGA-B7-A5TI	TCGA-B7-A5TI-01A	Primary Tumor
10092c21-1653-4112-a57f-ac0ea8d33077	3a17bd2e-3eb5-471f-b3b1-396f78bb08f7.htseq.counts.gz	Transcriptome Profiling	Gene Expression Quantification	TCGA-STAD	TCGA-VQ-A924	TCGA-VQ-A924-01A	Primary Tumor
4b33d026-fa23-4163-96ec-6c9b7afc91eb	b5e38453-763a-44cb-a328-13b322e0b6b4.htseq.counts.gz	Transcriptome Profiling	Gene Expression Quantification	TCGA-STAD	TCGA-IN-7806	TCGA-IN-7806-01A	Primary Tumor
d98a337d-7562-42f0-9168-be369b96cd40	60d19fd5-f7dd-4421-b03d-414b31c46daa.htseq.counts.gz	Transcriptome Profiling	Gene Expression Quantification	TCGA-STAD	TCGA-HU-A4H6	TCGA-HU-A4H6-01A	Primary Tumor
59324701-430a-409d-a340-74b1b300b568	67cf9d8e-0cf3-4141-bd85-a68689271a47.htseq.counts.gz	Transcriptome Profiling	Gene Expression Quantification	TCGA-STAD	TCGA-BR-6456	TCGA-BR-6456-01A	Primary Tumor
5e066ce6-56a7-47ad-9afe-0eedfe15e4a9	06a28e7d-c54b-4b6a-befc-a17ab6a79767.htseq.counts.gz	Transcriptome Profiling	Gene Expression Quantification	TCGA-STAD	TCGA-D7-8575	TCGA-D7-8575-01A	Primary Tumor
b4bfc657-f378-4597-a87d-fc7f0555b036	e801e7b4-a386-4452-a1c7-5a25d126e077.htseq.counts.gz	Transcriptome Profiling	Gene Expression Quantification	TCGA-STAD	TCGA-D7-8574	TCGA-D7-8574-01A	Primary Tumor
f181017e-4db0-4b28-9fde-d52469c9d4c3	c62038a4-a876-4251-b74a-767bbfacc9de.htseq.counts.gz	Transcriptome Profiling	Gene Expression Quantification	TCGA-STAD	TCGA-BR-8485	TCGA-BR-8485-01A	Primary Tumor
eec51118-03c8-4c82-a4c1-d733b836de62	5b867b06-f140-4fd9-9eda-6c78b6bdb87a.htseq.counts.gz	Transcriptome Profiling	Gene Expression Quantification	TCGA-STAD	TCGA-BR-4256	TCGA-BR-4256-01A	Primary Tumor
c3796ec9-ea4f-4581-b1c2-a8d1c6ed629b	a9d18d0c-c95b-41e9-8e6a-277c8654762d.htseq.counts.gz	Transcriptome Profiling	Gene Expression Quantification	TCGA-STAD	TCGA-FP-8631	TCGA-FP-8631-01A	Primary Tumor
89fb9e79-57b0-4fee-a7e2-52ee6f2f5e9d	84492608-6c8f-4a40-a057-4fba4614fdfa.htseq.counts.gz	Transcriptome Profiling	Gene Expression Quantification	TCGA-STAD	TCGA-BR-A4CS	TCGA-BR-A4CS-01A	Primary Tumor
3c97dd42-d536-4a20-a1f1-04f74ebfda62	da9399eb-a43c-4fdc-a0e6-af1642006ac4.htseq.counts.gz	Transcriptome Profiling	Gene Expression Quantification	TCGA-STAD	TCGA-RD-A8N1	TCGA-RD-A8N1-01A	Primary Tumor
29c19220-5f52-4fb8-829e-29e8c367f9da	a2171910-1526-41fb-a57f-14e01c1afc67.htseq.counts.gz	Transcriptome Profiling	Gene Expression Quantification	TCGA-STAD	TCGA-HU-A4H2	TCGA-HU-A4H2-01A	Primary Tumor
2c6be8c7-ecf9-4341-afa6-9e45a23bdcc3	18225f58-2ba3-4e5c-b1f8-79c02bb816c6.htseq.counts.gz	Transcriptome Profiling	Gene Expression Quantification	TCGA-STAD	TCGA-D7-6527	TCGA-D7-6527-01A	Primary Tumor
5c1880b0-83d4-46da-b5c8-5673ef4684e8	7d03109b-45bd-4f4c-836a-78d59e38fe4a.htseq.counts.gz	Transcriptome Profiling	Gene Expression Quantification	TCGA-STAD	TCGA-D7-6524	TCGA-D7-6524-01A	Primary Tumor
f7811802-d099-42ef-b5bf-2a13432b4383	8d5ca6c8-3174-44e8-8ceb-e97079fa0a93.htseq.counts.gz	Transcriptome Profiling	Gene Expression Quantification	TCGA-STAD	TCGA-D7-A6EY	TCGA-D7-A6EY-01A	Primary Tumor
2a372df1-6622-42ba-a5e0-33ad64429aaf	984ced86-0cad-4c98-8d1a-09305b1f8cc5.htseq.counts.gz	Transcriptome Profiling	Gene Expression Quantification	TCGA-STAD	TCGA-F1-A72C	TCGA-F1-A72C-01A	Primary Tumor
c172bb08-bb3a-42d8-9fff-e7aa8fe090b6	85593c7d-7441-4d41-81d3-aaa17c7e398b.htseq.counts.gz	Transcriptome Profiling	Gene Expression Quantification	TCGA-STAD	TCGA-BR-7717	TCGA-BR-7717-11A	Solid Tissue Normal
56c6afc0-566d-4732-879d-fd0020eefb0d	b3d4ce62-1ef3-4411-9ed0-924191070139.htseq.counts.gz	Transcriptome Profiling	Gene Expression Quantification	TCGA-STAD	TCGA-IN-AB1X	TCGA-IN-AB1X-01A	Primary Tumor
3f8273b8-10b9-4859-b024-4b56b2e99275	a1aa5ebd-8038-4737-84c1-298526370e11.htseq.counts.gz	Transcriptome Profiling	Gene Expression Quantification	TCGA-STAD	TCGA-BR-7958	TCGA-BR-7958-01A	Primary Tumor
59f1a90b-3bd6-41c0-bfd1-deb849fb113c	9db33b7d-bc90-4257-8063-5f13a719e3fb.htseq.counts.gz	Transcriptome Profiling	Gene Expression Quantification	TCGA-STAD	TCGA-CD-5801	TCGA-CD-5801-01A	Primary Tumor
6cb6c206-0249-419d-9d15-bfc405ed8778	8a1347e6-3475-48aa-af4a-87b7866c4a85.htseq.counts.gz	Transcriptome Profiling	Gene Expression Quantification	TCGA-STAD	TCGA-BR-6453	TCGA-BR-6453-11A	Solid Tissue Normal
fe8ef021-6483-41a6-945e-f54e3ed9f905	b2cde560-9b2f-4dd3-8251-fab30d49566b.htseq.counts.gz	Transcriptome Profiling	Gene Expression Quantification	TCGA-STAD	TCGA-VQ-A92D	TCGA-VQ-A92D-01A	Primary Tumor
1de93911-0d01-4d8b-a843-874facac6c6f	6c45388f-00c2-4052-ab22-833d9d76fcf9.htseq.counts.gz	Transcriptome Profiling	Gene Expression Quantification	TCGA-STAD	TCGA-CG-5730	TCGA-CG-5730-11A	Solid Tissue Normal
71717734-42a1-448d-85a4-14a88ad5bb87	ffb57dee-ba76-4251-87cb-e024a995371c.htseq.counts.gz	Transcriptome Profiling	Gene Expression Quantification	TCGA-STAD	TCGA-BR-6710	TCGA-BR-6710-01A	Primary Tumor
ddae3202-003c-4c40-8562-d454d6a434b1	9a8e4d3a-cbe1-435f-b0f9-02238a3236c6.htseq.counts.gz	Transcriptome Profiling	Gene Expression Quantification	TCGA-STAD	TCGA-BR-8683	TCGA-BR-8683-01A	Primary Tumor
8beda063-0a3a-4136-aa77-bb4702cc4fc8	1db01a3d-953a-4b7b-b20c-a1757fb44ae1.htseq.counts.gz	Transcriptome Profiling	Gene Expression Quantification	TCGA-STAD	TCGA-CD-5804	TCGA-CD-5804-01A	Primary Tumor
12385714-fb65-4eb3-9691-13f4fdf2d341	8c292c20-7f4b-4fcc-8c13-90886ab4b257.htseq.counts.gz	Transcriptome Profiling	Gene Expression Quantification	TCGA-STAD	TCGA-VQ-AA64	TCGA-VQ-AA64-01A	Primary Tumor
7119d22d-60ed-4ec1-bee0-6073124564cf	daab6e10-ff63-41c5-9c80-7b38be67e743.htseq.counts.gz	Transcriptome Profiling	Gene Expression Quantification	TCGA-STAD	TCGA-CG-4437	TCGA-CG-4437-01A	Primary Tumor
a48f58a9-4b43-4d0d-ba26-1b6f27fe91a6	aeabc5e2-27d2-4bcc-84ae-84cc60beeec0.htseq.counts.gz	Transcriptome Profiling	Gene Expression Quantification	TCGA-STAD	TCGA-BR-8679	TCGA-BR-8679-01A	Primary Tumor
7dbbbc28-64e5-43f2-b965-62c23b7cc6a2	836cabb0-9afc-4096-9b3e-da10bb9ea804.htseq.counts.gz	Transcriptome Profiling	Gene Expression Quantification	TCGA-STAD	TCGA-MX-A663	TCGA-MX-A663-01A	Primary Tumor
348bb06d-de63-4229-97d6-a4af365d1ddf	06248732-ba85-4870-80b6-14dacb536627.htseq.counts.gz	Transcriptome Profiling	Gene Expression Quantification	TCGA-STAD	TCGA-VQ-A925	TCGA-VQ-A925-01A	Primary Tumor
2638784d-ddab-4668-b1de-73027f4f23d9	65c97df0-9a41-4991-bca9-b3658ef2a914.htseq.counts.gz	Transcriptome Profiling	Gene Expression Quantification	TCGA-STAD	TCGA-BR-8367	TCGA-BR-8367-01A	Primary Tumor
f2c70867-cb87-4c75-81b8-22dc20337767	becd2d19-b92c-4305-ade3-d2c357a1047b.htseq.counts.gz	Transcriptome Profiling	Gene Expression Quantification	TCGA-STAD	TCGA-VQ-A91N	TCGA-VQ-A91N-01A	Primary Tumor
36e36047-7900-4f6e-a65b-67a99fc637ca	a2f78fab-9884-4776-80dd-48795e1a6b24.htseq.counts.gz	Transcriptome Profiling	Gene Expression Quantification	TCGA-STAD	TCGA-BR-4279	TCGA-BR-4279-01A	Primary Tumor
bb3e046e-4ab9-4bad-99ae-b8f90de77c87	c8696c52-d14d-4fad-92f7-5e0e66d4de06.htseq.counts.gz	Transcriptome Profiling	Gene Expression Quantification	TCGA-STAD	TCGA-D7-A4YU	TCGA-D7-A4YU-01A	Primary Tumor
4d16ca6b-f775-41fe-900f-e52380969888	a95b1bb4-5428-418c-8677-2293808aeb2a.htseq.counts.gz	Transcriptome Profiling	Gene Expression Quantification	TCGA-STAD	TCGA-D7-8573	TCGA-D7-8573-01A	Primary Tumor
f659b52e-6ea1-4c89-919d-ccf98618c24c	5cc8ca38-b2f9-4958-b276-e3eabe6e01f6.htseq.counts.gz	Transcriptome Profiling	Gene Expression Quantification	TCGA-STAD	TCGA-CD-A4MH	TCGA-CD-A4MH-01A	Primary Tumor
b9b5354e-1f6d-4a44-b3fe-d0b7c691e3fd	0bb9cd35-d245-4fe6-b720-0b827505b6e2.htseq.counts.gz	Transcriptome Profiling	Gene Expression Quantification	TCGA-STAD	TCGA-BR-7196	TCGA-BR-7196-01A	Primary Tumor
3739e09f-0404-4d12-8de4-1fbd9b3555ba	16557678-7173-4537-9a65-60dceb827433.htseq.counts.gz	Transcriptome Profiling	Gene Expression Quantification	TCGA-STAD	TCGA-BR-8372	TCGA-BR-8372-01A	Primary Tumor
5aea9c1c-1de6-4bc5-a4c3-119070be4707	b6210d2c-2c94-4b86-925d-a15ee151487b.htseq.counts.gz	Transcriptome Profiling	Gene Expression Quantification	TCGA-STAD	TCGA-3M-AB47	TCGA-3M-AB47-01A	Primary Tumor
9fb0ad18-22d1-4d1e-b03e-3b8db600e5a9	a7d1eaae-1874-434f-8c97-fa98f41b8e60.htseq.counts.gz	Transcriptome Profiling	Gene Expression Quantification	TCGA-STAD	TCGA-BR-6801	TCGA-BR-6801-01A	Primary Tumor
6e84788f-190a-4452-9d9b-7e967c57cfce	4ea02aac-13df-4d8c-8f64-d1ee1c338e04.htseq.counts.gz	Transcriptome Profiling	Gene Expression Quantification	TCGA-STAD	TCGA-BR-8289	TCGA-BR-8289-01A	Primary Tumor
8801cea9-14eb-422a-867c-da25d9718c6e	773a95de-b12e-4746-914d-dc6463585d05.htseq.counts.gz	Transcriptome Profiling	Gene Expression Quantification	TCGA-STAD	TCGA-VQ-A928	TCGA-VQ-A928-01A	Primary Tumor
620abd9f-1f6e-4883-8084-584b0d77bb7d	09c38ee5-b39e-47b2-8f27-8f125affa7f6.htseq.counts.gz	Transcriptome Profiling	Gene Expression Quantification	TCGA-STAD	TCGA-BR-A4CR	TCGA-BR-A4CR-01A	Primary Tumor
52190bdd-ea89-403a-af3e-d0f03518fd17	3d273bb9-8fd4-4cee-8898-6c63c8f96303.htseq.counts.gz	Transcriptome Profiling	Gene Expression Quantification	TCGA-STAD	TCGA-D7-8579	TCGA-D7-8579-01A	Primary Tumor
d7d99293-f832-4e74-9c33-9da09d04d111	e5a8c9ba-b525-4aa3-9f98-4b4156ff9901.htseq.counts.gz	Transcriptome Profiling	Gene Expression Quantification	TCGA-STAD	TCGA-D7-A74A	TCGA-D7-A74A-01A	Primary Tumor
2f8d3a6c-9288-4886-8005-36b2a7167e66	dfa5f4a6-d885-4e83-a33b-8b381a2d6204.htseq.counts.gz	Transcriptome Profiling	Gene Expression Quantification	TCGA-STAD	TCGA-BR-6454	TCGA-BR-6454-01A	Primary Tumor
e88ced15-42dd-40b3-ab3b-2f0adecb76a9	ad087113-94ea-47bb-9fec-1b5273391037.htseq.counts.gz	Transcriptome Profiling	Gene Expression Quantification	TCGA-STAD	TCGA-D7-6519	TCGA-D7-6519-01A	Primary Tumor
fc6571ae-1a0e-4ed7-9751-1d6d34d1e75c	f807dc9d-d1aa-4e73-bffc-c98193597838.htseq.counts.gz	Transcriptome Profiling	Gene Expression Quantification	TCGA-STAD	TCGA-BR-8687	TCGA-BR-8687-01A	Primary Tumor
142ee80f-4848-404d-8bd6-e111e2d6f40e	867623c6-6379-44cc-93a2-f0332e62f3c4.htseq.counts.gz	Transcriptome Profiling	Gene Expression Quantification	TCGA-STAD	TCGA-HF-7134	TCGA-HF-7134-01A	Primary Tumor
2774fcbd-8034-4fe4-845e-63ffdf50f660	52999b05-3015-4ca2-91ad-33aa978b407e.htseq.counts.gz	Transcriptome Profiling	Gene Expression Quantification	TCGA-STAD	TCGA-IN-A6RJ	TCGA-IN-A6RJ-01A	Primary Tumor
2ef43153-614e-4602-89dd-72618863d523	f50cea78-2214-43d9-bf72-931d352eeedb.htseq.counts.gz	Transcriptome Profiling	Gene Expression Quantification	TCGA-STAD	TCGA-BR-4357	TCGA-BR-4357-01A	Primary Tumor
dc14afe6-9da9-43a4-8d8e-76fe384c472a	24bc6017-0bad-4400-bc56-49a9d7e644df.htseq.counts.gz	Transcriptome Profiling	Gene Expression Quantification	TCGA-STAD	TCGA-BR-7957	TCGA-BR-7957-01A	Primary Tumor
d4c1f405-72a4-43a9-9862-9bf2cf413007	12f427fc-2db0-42c2-b477-c8c3f45044e9.htseq.counts.gz	Transcriptome Profiling	Gene Expression Quantification	TCGA-STAD	TCGA-HU-A4G3	TCGA-HU-A4G3-01A	Primary Tumor
23cc5c0f-93fb-4c19-babc-108aad1a4cb5	0772afa9-32f8-404f-a0cb-439bd320e8f6.htseq.counts.gz	Transcriptome Profiling	Gene Expression Quantification	TCGA-STAD	TCGA-VQ-A91Y	TCGA-VQ-A91Y-01A	Primary Tumor
602c4c43-d855-4f7c-b879-43edddbcd64c	f4f05d0e-51a1-4299-a6a4-b834a356efdb.htseq.counts.gz	Transcriptome Profiling	Gene Expression Quantification	TCGA-STAD	TCGA-VQ-A8PE	TCGA-VQ-A8PE-01A	Primary Tumor
aa6f9742-2247-41f3-ae1a-e84e7593c753	ece7fc7c-b3f3-42fc-8772-28a0e46b2b41.htseq.counts.gz	Transcriptome Profiling	Gene Expression Quantification	TCGA-STAD	TCGA-VQ-A8PK	TCGA-VQ-A8PK-01A	Primary Tumor
c58e0865-8ca9-4b3f-a5a2-aca17aab52b9	46da4db8-8504-4f8e-b97c-964cbd2dd65e.htseq.counts.gz	Transcriptome Profiling	Gene Expression Quantification	TCGA-STAD	TCGA-IN-A6RS	TCGA-IN-A6RS-01A	Primary Tumor
a6a80a36-e154-44b9-8340-c2dab6132d04	44df188d-5dd0-488b-9a21-e9ce57f35077.htseq.counts.gz	Transcriptome Profiling	Gene Expression Quantification	TCGA-STAD	TCGA-VQ-AA6F	TCGA-VQ-AA6F-01A	Primary Tumor
01ebbb59-370a-439f-a2b2-3046055c43d4	14a248c3-0189-424d-8be1-8d8b39c705f0.htseq.counts.gz	Transcriptome Profiling	Gene Expression Quantification	TCGA-STAD	TCGA-D7-8570	TCGA-D7-8570-01A	Primary Tumor
49577f36-6e9c-4cec-8ae3-0a290263ff9d	cccaf249-67eb-40ad-ab06-371e5113325b.htseq.counts.gz	Transcriptome Profiling	Gene Expression Quantification	TCGA-STAD	TCGA-CG-4440	TCGA-CG-4440-01A	Primary Tumor
e259aa31-067f-4848-9973-54948c33e859	5af6a287-b622-4a43-97e2-f40153d89833.htseq.counts.gz	Transcriptome Profiling	Gene Expression Quantification	TCGA-STAD	TCGA-VQ-A8PB	TCGA-VQ-A8PB-01A	Primary Tumor
d9cf7dbc-34b4-4580-a8ab-424f1e0f58b2	419ffb86-9d3b-4564-a2b8-c563e542d11d.htseq.counts.gz	Transcriptome Profiling	Gene Expression Quantification	TCGA-STAD	TCGA-CD-8535	TCGA-CD-8535-01A	Primary Tumor
0397a0ce-2224-4c97-a23b-9a3f767d7efc	bb3f1370-3234-4328-a9fb-8fa92da0d071.htseq.counts.gz	Transcriptome Profiling	Gene Expression Quantification	TCGA-STAD	TCGA-CG-5734	TCGA-CG-5734-11A	Solid Tissue Normal
b418a44a-32da-4345-9134-2e4655497d87	970a3005-f668-494b-99c6-08b56692aaf5.htseq.counts.gz	Transcriptome Profiling	Gene Expression Quantification	TCGA-STAD	TCGA-VQ-A8E0	TCGA-VQ-A8E0-01A	Primary Tumor
771daaac-99f5-4902-af18-9464fa39dbe3	83d95d1d-c130-4ef4-af98-3143c8b12dbf.htseq.counts.gz	Transcriptome Profiling	Gene Expression Quantification	TCGA-STAD	TCGA-BR-8284	TCGA-BR-8284-01A	Primary Tumor
3dd28e7b-ce16-4b91-8f21-e71f73efa3b0	b644e04d-236c-48f4-9945-ae046443a823.htseq.counts.gz	Transcriptome Profiling	Gene Expression Quantification	TCGA-STAD	TCGA-CG-4301	TCGA-CG-4301-01A	Primary Tumor
4d5b3490-96f4-486f-9fe8-db3973602a18	cf004694-2c63-4b88-8058-214578f369ea.htseq.counts.gz	Transcriptome Profiling	Gene Expression Quantification	TCGA-STAD	TCGA-F1-6875	TCGA-F1-6875-01A	Primary Tumor
33a3cce0-1cee-4fba-94a1-acd6873e08b8	be01999b-2ef2-4929-91b1-bfaa6260b6ff.htseq.counts.gz	Transcriptome Profiling	Gene Expression Quantification	TCGA-STAD	TCGA-VQ-A8DV	TCGA-VQ-A8DV-01A	Primary Tumor
0c8b720d-6112-4367-8806-6191600f4b7c	043e5916-898f-4ab9-8ee1-22f814414004.htseq.counts.gz	Transcriptome Profiling	Gene Expression Quantification	TCGA-STAD	TCGA-CD-8524	TCGA-CD-8524-01A	Primary Tumor
4e0ab0ae-6e48-4165-83e3-b7102486da14	9bef6ea0-d0ac-4552-863e-9bba7c91b6a6.htseq.counts.gz	Transcriptome Profiling	Gene Expression Quantification	TCGA-STAD	TCGA-BR-8296	TCGA-BR-8296-01A	Primary Tumor
bb48eace-0d41-43b9-aff7-70b82ee35d12	37de2b18-fc23-4364-a57f-28ee207729b9.htseq.counts.gz	Transcriptome Profiling	Gene Expression Quantification	TCGA-STAD	TCGA-BR-4361	TCGA-BR-4361-01A	Primary Tumor
e5098d01-2ef2-4b48-8464-fa959c010b9b	f98dc110-abd1-4cb8-bf70-022f4c5a36bc.htseq.counts.gz	Transcriptome Profiling	Gene Expression Quantification	TCGA-STAD	TCGA-HU-8604	TCGA-HU-8604-01A	Primary Tumor
dbf5e7b4-221f-4378-ba02-b84bd679525e	23616216-35d2-4ccd-86e7-e4c24662c642.htseq.counts.gz	Transcriptome Profiling	Gene Expression Quantification	TCGA-STAD	TCGA-BR-4267	TCGA-BR-4267-01A	Primary Tumor
d7c6ad17-64fd-4f91-b255-e80067473027	f31bc6d0-71e1-4a84-9f23-25f3bc7e71ed.htseq.counts.gz	Transcriptome Profiling	Gene Expression Quantification	TCGA-STAD	TCGA-CG-4465	TCGA-CG-4465-01A	Primary Tumor
cb8346c4-8286-4a12-931a-fd9e3bc9298c	3bc6379c-fcac-488f-91ed-bc60d0abf472.htseq.counts.gz	Transcriptome Profiling	Gene Expression Quantification	TCGA-STAD	TCGA-CG-5734	TCGA-CG-5734-01A	Primary Tumor
e21ef63f-64d7-4fe1-b931-5e87327c264a	d7933236-0f3e-4c99-a664-13eb55ac5394.htseq.counts.gz	Transcriptome Profiling	Gene Expression Quantification	TCGA-STAD	TCGA-HF-7131	TCGA-HF-7131-01A	Primary Tumor
6c30e8d3-4ab7-45cc-b238-f25f34c389a7	e15a011d-bba3-4807-bf48-dfa912d018af.htseq.counts.gz	Transcriptome Profiling	Gene Expression Quantification	TCGA-STAD	TCGA-RD-A8N9	TCGA-RD-A8N9-01A	Primary Tumor
23da2a74-cfab-4326-89ed-62c94012c7c8	a07d8ca0-ae1c-41c7-852c-0446b7a84df9.htseq.counts.gz	Transcriptome Profiling	Gene Expression Quantification	TCGA-STAD	TCGA-BR-8081	TCGA-BR-8081-01A	Primary Tumor
cc10603f-408c-4a5a-b5ff-0b70089897f7	5e227f77-9343-4551-8197-188cc815ae80.htseq.counts.gz	Transcriptome Profiling	Gene Expression Quantification	TCGA-STAD	TCGA-BR-8384	TCGA-BR-8384-01A	Primary Tumor
9e5460c9-3ef0-4f6b-ae0f-11db3166f0ea	082ef2bf-a31f-4e7d-9553-40977d5a2239.htseq.counts.gz	Transcriptome Profiling	Gene Expression Quantification	TCGA-STAD	TCGA-IN-A7NR	TCGA-IN-A7NR-01A	Primary Tumor
19f629e8-ba6e-466a-9938-56ea7d631cd0	f5e50380-3507-4002-9bfe-624bc0a3eba1.htseq.counts.gz	Transcriptome Profiling	Gene Expression Quantification	TCGA-STAD	TCGA-D7-A4YX	TCGA-D7-A4YX-01A	Primary Tumor
e93e2f63-9ec0-4c63-a614-083e3f844f8f	be28a9d0-f392-416c-be7c-1e4a5b96f68c.htseq.counts.gz	Transcriptome Profiling	Gene Expression Quantification	TCGA-STAD	TCGA-IN-A6RR	TCGA-IN-A6RR-01A	Primary Tumor
6e9f029a-c3e0-4ddc-9301-412339a6bc61	544bab92-1166-49d7-81d1-4ff4cdfc6593.htseq.counts.gz	Transcriptome Profiling	Gene Expression Quantification	TCGA-STAD	TCGA-CG-4438	TCGA-CG-4438-01A	Primary Tumor
7d68f03b-fb66-44e5-95c4-858015a0c1e8	bc9e63bf-fd1c-425a-8976-bc222413c489.htseq.counts.gz	Transcriptome Profiling	Gene Expression Quantification	TCGA-STAD	TCGA-FP-8099	TCGA-FP-8099-01A	Primary Tumor
895b352a-3ed0-4bcc-be94-9244087ace77	c7fb0cbb-3633-4439-8df8-fa84382134a8.htseq.counts.gz	Transcriptome Profiling	Gene Expression Quantification	TCGA-STAD	TCGA-RD-A8NB	TCGA-RD-A8NB-01A	Primary Tumor
66767efd-c353-4286-ad81-4c39b8d56b21	ccb080ac-19bf-42fc-8645-ec9a770d6f17.htseq.counts.gz	Transcriptome Profiling	Gene Expression Quantification	TCGA-STAD	TCGA-BR-6564	TCGA-BR-6564-01A	Primary Tumor
3cf6986a-a7c7-4ff9-8ea9-be45651934ec	9312ae7a-9c12-4703-bc84-ae28bc230fe4.htseq.counts.gz	Transcriptome Profiling	Gene Expression Quantification	TCGA-STAD	TCGA-CG-4460	TCGA-CG-4460-01A	Primary Tumor
7792274a-c016-430f-8b64-1fae0ae61230	c4ea0940-b860-442b-a1b4-1bcda3b10836.htseq.counts.gz	Transcriptome Profiling	Gene Expression Quantification	TCGA-STAD	TCGA-R5-A7ZE	TCGA-R5-A7ZE-01B	Primary Tumor
8512a2d8-947e-457d-853e-8fbe6be936ed	bd913ca5-5a50-4fe1-b8d1-199c76d821fa.htseq.counts.gz	Transcriptome Profiling	Gene Expression Quantification	TCGA-STAD	TCGA-BR-8382	TCGA-BR-8382-01A	Primary Tumor
b359fd05-642e-4373-b6f4-b994a7b794be	f7d0230a-eae0-4c64-9c45-e0bbff3dcbe4.htseq.counts.gz	Transcriptome Profiling	Gene Expression Quantification	TCGA-STAD	TCGA-BR-6452	TCGA-BR-6452-01A	Primary Tumor
179a0aa4-687d-42b5-8b01-07146fdd2fd6	e2d03205-d55a-44de-a1d6-fc918d248b01.htseq.counts.gz	Transcriptome Profiling	Gene Expression Quantification	TCGA-STAD	TCGA-HU-A4GP	TCGA-HU-A4GP-01A	Primary Tumor
62148be5-8f0c-4041-b72f-9b5487a4bb28	2737e691-0359-441c-871d-e472b0fba0e0.htseq.counts.gz	Transcriptome Profiling	Gene Expression Quantification	TCGA-STAD	TCGA-R5-A805	TCGA-R5-A805-01A	Primary Tumor
9b24d5e9-85a7-4263-b5b7-fa0b445565ba	9c2a33fb-dcf0-469a-97d8-9352158143df.htseq.counts.gz	Transcriptome Profiling	Gene Expression Quantification	TCGA-STAD	TCGA-BR-8373	TCGA-BR-8373-01A	Primary Tumor
54cbd6a4-b2a9-48ee-aab5-068ec66cde5c	551d8cf2-9613-4bc2-89e4-c21a4a94905a.htseq.counts.gz	Transcriptome Profiling	Gene Expression Quantification	TCGA-STAD	TCGA-HU-A4GQ	TCGA-HU-A4GQ-01A	Primary Tumor
a473e3fa-0311-4bf0-acce-7243aed1f1b2	ca05e72f-65c8-400c-aec6-c5225e20d3e7.htseq.counts.gz	Transcriptome Profiling	Gene Expression Quantification	TCGA-STAD	TCGA-CG-5725	TCGA-CG-5725-01A	Primary Tumor
d5ace9b9-bdc6-4894-9e61-bd6b784a1156	14eac3ae-c3e9-4f52-94c7-0097f0234a82.htseq.counts.gz	Transcriptome Profiling	Gene Expression Quantification	TCGA-STAD	TCGA-RD-A7C1	TCGA-RD-A7C1-01A	Primary Tumor
625af74c-ea69-4ab3-adec-76610ad32760	9e61ea7d-8a7c-49f7-8a55-290e7bfe0380.htseq.counts.gz	Transcriptome Profiling	Gene Expression Quantification	TCGA-STAD	TCGA-HU-A4G9	TCGA-HU-A4G9-01A	Primary Tumor
2d1d9fb9-b71d-45e9-9edf-a18989d0d085	329c4b43-fba2-4497-8a2a-210e75299674.htseq.counts.gz	Transcriptome Profiling	Gene Expression Quantification	TCGA-STAD	TCGA-BR-7715	TCGA-BR-7715-11A	Solid Tissue Normal
70540420-48c0-4ec0-b0cc-61ad6c1c6905	dac1a5c3-91e1-496a-8a02-f7760fb4241c.htseq.counts.gz	Transcriptome Profiling	Gene Expression Quantification	TCGA-STAD	TCGA-IN-AB1V	TCGA-IN-AB1V-11A	Solid Tissue Normal
5e2c61b7-fa2b-4ced-970c-7d5f4a59d210	b8fbeb3a-9dd2-41b5-a9f2-7832a9fda3f4.htseq.counts.gz	Transcriptome Profiling	Gene Expression Quantification	TCGA-STAD	TCGA-BR-7704	TCGA-BR-7704-01A	Primary Tumor
b67c4870-4c02-4494-b4e3-8a3b5b665f86	7fb187b1-9a6c-46bb-bceb-4a160264d912.htseq.counts.gz	Transcriptome Profiling	Gene Expression Quantification	TCGA-STAD	TCGA-FP-7998	TCGA-FP-7998-01A	Primary Tumor
d3e947b4-7fa4-4f8c-a9c0-e7412fb80e05	b032fc61-5872-48a1-9d77-5343d3da6525.htseq.counts.gz	Transcriptome Profiling	Gene Expression Quantification	TCGA-STAD	TCGA-BR-A44T	TCGA-BR-A44T-01A	Primary Tumor
3cf20fc4-669b-412c-a16b-44d61b131d43	e1ce8fa9-2900-4961-94c9-da97ce2d5b7f.htseq.counts.gz	Transcriptome Profiling	Gene Expression Quantification	TCGA-STAD	TCGA-CG-5733	TCGA-CG-5733-11A	Solid Tissue Normal
cff91679-7253-480d-9737-f45420c1303d	922886ab-07a2-41be-8c0c-91d0719f19b6.htseq.counts.gz	Transcriptome Profiling	Gene Expression Quantification	TCGA-STAD	TCGA-FP-8210	TCGA-FP-8210-01A	Primary Tumor
49f47807-372a-49da-8dcd-e71853c64cd2	ab0c5b41-c6d6-4591-a11e-9255705d0d6b.htseq.counts.gz	Transcriptome Profiling	Gene Expression Quantification	TCGA-STAD	TCGA-VQ-AA69	TCGA-VQ-AA69-01A	Primary Tumor
13ef1154-06b1-402d-b5f2-dec195f32e9b	0946b4a9-fa60-4587-95f6-acc3e3d84a2b.htseq.counts.gz	Transcriptome Profiling	Gene Expression Quantification	TCGA-STAD	TCGA-CG-5726	TCGA-CG-5726-01A	Primary Tumor
2f0ad602-ee13-4c2c-9ef8-2dca1c3fd85d	c82e36c0-668a-4940-b400-986b6e2f47b7.htseq.counts.gz	Transcriptome Profiling	Gene Expression Quantification	TCGA-STAD	TCGA-RD-A8N0	TCGA-RD-A8N0-01A	Primary Tumor
9de56b07-e27b-4d93-9c5a-740052668a03	f9da0d15-5051-4507-b6c0-0e86c317539e.htseq.counts.gz	Transcriptome Profiling	Gene Expression Quantification	TCGA-STAD	TCGA-CG-5721	TCGA-CG-5721-11A	Solid Tissue Normal
2f3a9352-0454-452d-913f-b20f09e8d936	a7ee0b2a-298d-4e7a-88f8-eb466962e396.htseq.counts.gz	Transcriptome Profiling	Gene Expression Quantification	TCGA-STAD	TCGA-BR-8381	TCGA-BR-8381-01A	Primary Tumor
8b741b77-f41a-4283-afe1-fd320ea1ef99	11606737-57d8-4fb0-87a1-1035a2aab959.htseq.counts.gz	Transcriptome Profiling	Gene Expression Quantification	TCGA-STAD	TCGA-HU-A4GD	TCGA-HU-A4GD-01A	Primary Tumor
1b2bb980-9071-475a-a77a-5826af0ab5b1	23808c79-c71b-476c-85e0-34394edd1fe8.htseq.counts.gz	Transcriptome Profiling	Gene Expression Quantification	TCGA-STAD	TCGA-HU-A4GY	TCGA-HU-A4GY-11A	Solid Tissue Normal
befb524b-d50a-4039-a43e-c5551a6312d8	d93b5ec2-a908-43e6-9c27-82b490cfbd9d.htseq.counts.gz	Transcriptome Profiling	Gene Expression Quantification	TCGA-STAD	TCGA-CD-5800	TCGA-CD-5800-01A	Primary Tumor
2eefbcc7-82b7-45ca-9388-25f4e57f2549	107fffa5-abb2-47c9-93a1-69a2d07a8073.htseq.counts.gz	Transcriptome Profiling	Gene Expression Quantification	TCGA-STAD	TCGA-D7-8572	TCGA-D7-8572-01A	Primary Tumor
5019257b-df99-4eec-bb57-d7238c573a13	27e73964-234d-494a-a7cd-17ab924b0d22.htseq.counts.gz	Transcriptome Profiling	Gene Expression Quantification	TCGA-STAD	TCGA-D7-5577	TCGA-D7-5577-01A	Primary Tumor
eddc84ef-643d-4972-ac1b-9c22829fd062	c6c6ae06-9037-483a-8619-86504a194e3d.htseq.counts.gz	Transcriptome Profiling	Gene Expression Quantification	TCGA-STAD	TCGA-BR-7717	TCGA-BR-7717-01A	Primary Tumor
5dc68199-02cb-4473-8233-01794702da80	8b82d46a-1c02-4cb7-9588-e25105650048.htseq.counts.gz	Transcriptome Profiling	Gene Expression Quantification	TCGA-STAD	TCGA-BR-7722	TCGA-BR-7722-01A	Primary Tumor
0cd043f7-31d7-4e1f-b321-1fceb7a43d28	8ccbef7d-e2ae-40b9-b1c5-d0508ef3335e.htseq.counts.gz	Transcriptome Profiling	Gene Expression Quantification	TCGA-STAD	TCGA-BR-7703	TCGA-BR-7703-11A	Solid Tissue Normal
80f895da-7635-47a4-b974-93218702c9a5	7f3b65a3-ad59-49f1-92fa-72793435f86e.htseq.counts.gz	Transcriptome Profiling	Gene Expression Quantification	TCGA-STAD	TCGA-RD-A8N6	TCGA-RD-A8N6-01A	Primary Tumor
aa111f8e-9321-4b19-9f1b-167ab620619d	73202a91-d390-4c09-909d-82e5c893c454.htseq.counts.gz	Transcriptome Profiling	Gene Expression Quantification	TCGA-STAD	TCGA-BR-8060	TCGA-BR-8060-11A	Solid Tissue Normal
82490528-5d24-45ee-9567-55be6c9ce676	2d0c3db1-8ab4-4197-b034-19cbe6494852.htseq.counts.gz	Transcriptome Profiling	Gene Expression Quantification	TCGA-STAD	TCGA-BR-7715	TCGA-BR-7715-01A	Primary Tumor
8e1abbf3-ba2e-4bb9-8d63-08aea0ddce1b	5f977cf2-9f80-4df2-a5de-4c964adcd404.htseq.counts.gz	Transcriptome Profiling	Gene Expression Quantification	TCGA-STAD	TCGA-R5-A7ZI	TCGA-R5-A7ZI-01A	Primary Tumor
70bf9ebd-7adf-4f0a-9a8c-746cd62a1928	43142de2-5080-4546-8235-b4706b212ae3.htseq.counts.gz	Transcriptome Profiling	Gene Expression Quantification	TCGA-STAD	TCGA-HU-A4GY	TCGA-HU-A4GY-01A	Primary Tumor
d80b7816-b2ba-417d-b20a-915c13505ec8	82db5c6f-81a0-4d09-b8a7-a2498874f3be.htseq.counts.gz	Transcriptome Profiling	Gene Expression Quantification	TCGA-STAD	TCGA-RD-A8N2	TCGA-RD-A8N2-01A	Primary Tumor
d11c9940-dc82-4431-a092-e3dcbd0a15b6	b58a2839-3089-4164-b66c-9b51873f25f8.htseq.counts.gz	Transcriptome Profiling	Gene Expression Quantification	TCGA-STAD	TCGA-VQ-A94O	TCGA-VQ-A94O-01A	Primary Tumor
1bc5dafc-6a08-4eca-a2a3-694a3d92e7a9	0868689e-4a20-445c-9a83-df1cbb8f6eab.htseq.counts.gz	Transcriptome Profiling	Gene Expression Quantification	TCGA-STAD	TCGA-CG-4469	TCGA-CG-4469-01A	Primary Tumor
23bfe077-1c8e-402d-a7c2-8d1f99572401	f5a26082-9428-4cfc-be1a-e987f7906e49.htseq.counts.gz	Transcriptome Profiling	Gene Expression Quantification	TCGA-STAD	TCGA-BR-8371	TCGA-BR-8371-01A	Primary Tumor
ad861147-13dc-4e31-9694-dbebcc62cf39	e7b40048-f3f9-4887-83ca-ccba24ae9f83.htseq.counts.gz	Transcriptome Profiling	Gene Expression Quantification	TCGA-STAD	TCGA-VQ-AA6J	TCGA-VQ-AA6J-01A	Primary Tumor
c82ca0d4-c350-4a0b-8f12-cd7d35fa4379	71e90570-c4d4-4c7f-b6af-b6fb338fde70.htseq.counts.gz	Transcriptome Profiling	Gene Expression Quantification	TCGA-STAD	TCGA-IN-8462	TCGA-IN-8462-01A	Primary Tumor
9cab319d-a8a6-4228-bdb5-98f029d59274	9a5706d7-435a-46e5-8099-5c908c9f6a72.htseq.counts.gz	Transcriptome Profiling	Gene Expression Quantification	TCGA-STAD	TCGA-VQ-A8PF	TCGA-VQ-A8PF-01A	Primary Tumor
86766144-e276-4f86-b9f0-496a40425b81	39987d4a-03d0-4d74-9b03-9ba318c0a2b1.htseq.counts.gz	Transcriptome Profiling	Gene Expression Quantification	TCGA-STAD	TCGA-BR-8590	TCGA-BR-8590-01A	Primary Tumor
6c91c725-ea60-4630-9e08-db47982e2e7e	a861ca1b-075a-4c28-8f86-24d9bfe520f5.htseq.counts.gz	Transcriptome Profiling	Gene Expression Quantification	TCGA-STAD	TCGA-CD-8530	TCGA-CD-8530-01A	Primary Tumor
f787d867-3e8a-4e74-8bfd-47657e80c727	7ecf18f3-7a8c-4176-b78b-7df60d6330f3.htseq.counts.gz	Transcriptome Profiling	Gene Expression Quantification	TCGA-STAD	TCGA-IN-A6RO	TCGA-IN-A6RO-01A	Primary Tumor
e210b792-6e5a-4e81-8aae-195f563de38e	6017c75f-8410-410b-91fc-54035008c1d9.htseq.counts.gz	Transcriptome Profiling	Gene Expression Quantification	TCGA-STAD	TCGA-BR-A4J4	TCGA-BR-A4J4-01A	Primary Tumor
715a4009-ccf7-4538-ad04-a7261c7b5aa6	2a8012b9-2405-4f23-819f-ba1be239d009.htseq.counts.gz	Transcriptome Profiling	Gene Expression Quantification	TCGA-STAD	TCGA-CD-A48A	TCGA-CD-A48A-01A	Primary Tumor
adb89d5b-d69a-4d1b-9c7f-60c6f9364da5	d30665c3-85fc-4364-b9ca-fa81fd916137.htseq.counts.gz	Transcriptome Profiling	Gene Expression Quantification	TCGA-STAD	TCGA-HU-A4GT	TCGA-HU-A4GT-01A	Primary Tumor
52fa761f-3e34-4794-ad20-dcf4f34098ee	e92a5d1a-e928-4cc0-95b2-ac616521fa88.htseq.counts.gz	Transcriptome Profiling	Gene Expression Quantification	TCGA-STAD	TCGA-HU-A4GN	TCGA-HU-A4GN-11A	Solid Tissue Normal
4dc628db-a690-4cd2-a204-2b7b369e4f91	a1525390-c148-4d1b-88ed-f6f874f39387.htseq.counts.gz	Transcriptome Profiling	Gene Expression Quantification	TCGA-STAD	TCGA-CD-8534	TCGA-CD-8534-01A	Primary Tumor
708858da-7ae9-4641-ad97-8bd7503ec97f	501305ad-7e26-4d47-9f95-58273208e921.htseq.counts.gz	Transcriptome Profiling	Gene Expression Quantification	TCGA-STAD	TCGA-D7-6822	TCGA-D7-6822-01A	Primary Tumor
e1e76916-7a2c-4422-9fdd-d9950b908f2d	21c512f3-caf9-4854-86ec-93241d529ca0.htseq.counts.gz	Transcriptome Profiling	Gene Expression Quantification	TCGA-STAD	TCGA-RD-A7BW	TCGA-RD-A7BW-01A	Primary Tumor
752a56ca-8bdf-4d99-952d-8e7670dcea7d	7870577f-3197-4590-b036-aaeb643ccc84.htseq.counts.gz	Transcriptome Profiling	Gene Expression Quantification	TCGA-STAD	TCGA-BR-4369	TCGA-BR-4369-01A	Primary Tumor
2c6c68ca-4284-4796-a24c-a37165647aba	4b433fc4-5e9c-4305-960b-e7b43cfbee36.htseq.counts.gz	Transcriptome Profiling	Gene Expression Quantification	TCGA-STAD	TCGA-MX-A5UG	TCGA-MX-A5UG-01A	Primary Tumor
e7ca7eb3-a5f9-4c18-8b14-66a72dc79e60	65abeb47-0c36-4926-ac19-81dc9d9cc16a.htseq.counts.gz	Transcriptome Profiling	Gene Expression Quantification	TCGA-STAD	TCGA-CG-4462	TCGA-CG-4462-01A	Primary Tumor
aacd124f-cbcd-43b0-b94f-6cdb3a05cafe	c288e63d-f096-4313-bd45-6704954ea7ba.htseq.counts.gz	Transcriptome Profiling	Gene Expression Quantification	TCGA-STAD	TCGA-CD-A4MG	TCGA-CD-A4MG-01A	Primary Tumor
4d95e290-62b9-44e3-9c21-1665f3c35b93	3ec758aa-c145-4b2c-a847-77dbf1d01c4c.htseq.counts.gz	Transcriptome Profiling	Gene Expression Quantification	TCGA-STAD	TCGA-CG-4477	TCGA-CG-4477-01A	Primary Tumor
08021cee-6c5d-439e-9ee6-7b948805ad02	1220070d-ecbf-4fb6-ba7b-5876a9e1ca90.htseq.counts.gz	Transcriptome Profiling	Gene Expression Quantification	TCGA-STAD	TCGA-IN-A7NT	TCGA-IN-A7NT-01A	Primary Tumor
8e1408ce-8a05-4d12-a1e4-f1cf6917c3f5	5280acda-9a1d-4feb-b6ae-1234cb6dabdf.htseq.counts.gz	Transcriptome Profiling	Gene Expression Quantification	TCGA-STAD	TCGA-BR-8366	TCGA-BR-8366-01A	Primary Tumor
83de8b26-4f7c-4465-91a1-8c66ce5b52a2	f100b7a6-e9c2-4263-8800-55731ea37632.htseq.counts.gz	Transcriptome Profiling	Gene Expression Quantification	TCGA-STAD	TCGA-CG-5732	TCGA-CG-5732-01A	Primary Tumor
71cce375-da04-4bef-92c8-a80866c82bc5	b83f2e47-d850-4df3-b73f-4ff07541b271.htseq.counts.gz	Transcriptome Profiling	Gene Expression Quantification	TCGA-STAD	TCGA-BR-7851	TCGA-BR-7851-01A	Primary Tumor
56109f9f-4a89-48df-8668-84e1810710e7	3488851e-c137-47db-9562-8a035d838af5.htseq.counts.gz	Transcriptome Profiling	Gene Expression Quantification	TCGA-STAD	TCGA-BR-8297	TCGA-BR-8297-01A	Primary Tumor
11a3cb08-de8b-42a7-9c07-d9283370f787	351f5723-7a2b-487e-8c1c-4c627afd2141.htseq.counts.gz	Transcriptome Profiling	Gene Expression Quantification	TCGA-STAD	TCGA-CD-A487	TCGA-CD-A487-01A	Primary Tumor
ff5d337a-e57d-49d2-8c42-9dc3781a34ed	b56394f1-3892-4dec-87b1-1a40aa15a6dd.htseq.counts.gz	Transcriptome Profiling	Gene Expression Quantification	TCGA-STAD	TCGA-VQ-A8DT	TCGA-VQ-A8DT-01A	Primary Tumor
4f3b1a84-636f-4868-8878-1b504dee4f5b	ba6104b9-133d-478a-ac0d-5c0a4cafad88.htseq.counts.gz	Transcriptome Profiling	Gene Expression Quantification	TCGA-STAD	TCGA-CG-4444	TCGA-CG-4444-01A	Primary Tumor
b3198b99-e2df-4468-b6f7-10b71c436a44	8a4c34c7-f42b-48e3-bddb-16229097b2a9.htseq.counts.gz	Transcriptome Profiling	Gene Expression Quantification	TCGA-STAD	TCGA-KB-A93H	TCGA-KB-A93H-01A	Primary Tumor
e28d964c-0224-4208-919e-377e7822fb85	bef94553-3989-43a6-959b-59a4d6e42175.htseq.counts.gz	Transcriptome Profiling	Gene Expression Quantification	TCGA-STAD	TCGA-KB-A6F7	TCGA-KB-A6F7-01A	Primary Tumor
0b6021d6-e3e8-49ef-a88b-6ed83ff5a271	024d6c1e-7140-4fce-b21c-4a5237d6c850.htseq.counts.gz	Transcriptome Profiling	Gene Expression Quantification	TCGA-STAD	TCGA-BR-8588	TCGA-BR-8588-01A	Primary Tumor
a5ff570c-0a5f-4548-a000-2f3303824eec	3809d8ed-320f-4a1e-a2a3-74210d53cd74.htseq.counts.gz	Transcriptome Profiling	Gene Expression Quantification	TCGA-STAD	TCGA-BR-8486	TCGA-BR-8486-01A	Primary Tumor
780b6204-3a21-475e-81c3-5949930e6727	670768c3-4ca7-4e06-816f-8fc7c0b4a80c.htseq.counts.gz	Transcriptome Profiling	Gene Expression Quantification	TCGA-STAD	TCGA-BR-6707	TCGA-BR-6707-01A	Primary Tumor
6760fb99-c743-4cfb-b7d4-41bd8a2ab4f0	d0adbb71-41e9-4b14-b96d-c52d16156fa0.htseq.counts.gz	Transcriptome Profiling	Gene Expression Quantification	TCGA-STAD	TCGA-CG-5718	TCGA-CG-5718-01A	Primary Tumor
ae2a6b56-3b25-4822-b5dc-300632d82afa	317f72b2-51cd-496a-bdb2-d23c4e4c5aa6.htseq.counts.gz	Transcriptome Profiling	Gene Expression Quantification	TCGA-STAD	TCGA-RD-A8MW	TCGA-RD-A8MW-01A	Primary Tumor
30ecfa12-d352-41c4-ad00-530fc9628ffa	21cc3b09-799a-4e71-afa8-f80496b761e3.htseq.counts.gz	Transcriptome Profiling	Gene Expression Quantification	TCGA-STAD	TCGA-MX-A5UJ	TCGA-MX-A5UJ-01A	Primary Tumor
afddacf0-5588-4e8a-a04a-4da590742c63	595061ae-18f2-488a-ad05-eac7c2548a99.htseq.counts.gz	Transcriptome Profiling	Gene Expression Quantification	TCGA-STAD	TCGA-BR-4367	TCGA-BR-4367-01A	Primary Tumor
cc50cd91-1a09-4bd7-a941-5b2cb417f882	f312872c-154a-4bd6-aa62-7ba6678bbb13.htseq.counts.gz	Transcriptome Profiling	Gene Expression Quantification	TCGA-STAD	TCGA-FP-7735	TCGA-FP-7735-01A	Primary Tumor
981329bd-158a-4380-97e0-761cb01a2a32	27490b93-a256-4a5c-994d-593208a8b499.htseq.counts.gz	Transcriptome Profiling	Gene Expression Quantification	TCGA-STAD	TCGA-IN-8663	TCGA-IN-8663-11A	Solid Tissue Normal
51047818-14ae-4503-8a72-13fdd1d35581	acabdb00-fd4b-4a95-9326-140ce8541760.htseq.counts.gz	Transcriptome Profiling	Gene Expression Quantification	TCGA-STAD	TCGA-BR-8295	TCGA-BR-8295-01A	Primary Tumor
cdc390b2-adc0-4cf2-aac0-bad007754887	fc480cc8-6c95-49d1-982c-98d20b57217a.htseq.counts.gz	Transcriptome Profiling	Gene Expression Quantification	TCGA-STAD	TCGA-FP-7735	TCGA-FP-7735-11A	Solid Tissue Normal
8b8d090f-b458-40a6-8f63-16067edb25a9	e33a9800-8c1e-4164-b631-a07be0c39cbc.htseq.counts.gz	Transcriptome Profiling	Gene Expression Quantification	TCGA-STAD	TCGA-HU-A4GC	TCGA-HU-A4GC-01A	Primary Tumor
ca914711-fc29-4e32-b535-90856d323e83	db818eed-5ec3-420d-9132-880f8a1d2f85.htseq.counts.gz	Transcriptome Profiling	Gene Expression Quantification	TCGA-ESCA	TCGA-JY-A938	TCGA-JY-A938-01A	Primary Tumor
c54d7328-385c-4e33-b5ba-5d4ad05dcc71	83436e39-a06f-46f0-9450-d8667f1c7683.htseq.counts.gz	Transcriptome Profiling	Gene Expression Quantification	TCGA-STAD	TCGA-HU-A4H4	TCGA-HU-A4H4-01A	Primary Tumor
75715ef1-a453-439e-9625-69e8147cbf50	0d9e02ff-8f02-4755-9fdf-9f1f0173d98b.htseq.counts.gz	Transcriptome Profiling	Gene Expression Quantification	TCGA-STAD	TCGA-FP-8211	TCGA-FP-8211-01A	Primary Tumor
39bb3241-0dd4-40e9-9449-3bdccff2d712	f59dd8c8-0d62-44b6-b84a-6e67076e7f0b.htseq.counts.gz	Transcriptome Profiling	Gene Expression Quantification	TCGA-STAD	TCGA-D7-5578	TCGA-D7-5578-01A	Primary Tumor
c4ac1f4b-2c5e-4c13-be97-ac26a5f6b468	60817736-cc15-4f46-95d3-5da374ab246d.htseq.counts.gz	Transcriptome Profiling	Gene Expression Quantification	TCGA-STAD	TCGA-VQ-A8PQ	TCGA-VQ-A8PQ-01A	Primary Tumor
5353206a-9493-47ba-9f38-862e32ebfa97	b93a691d-6fee-4db4-b78b-61ebd0817d9a.htseq.counts.gz	Transcriptome Profiling	Gene Expression Quantification	TCGA-STAD	TCGA-HU-A4G8	TCGA-HU-A4G8-01A	Primary Tumor
a4d81ce0-9244-4a68-9f00-a8137fa14607	b4ed22c6-9b45-4b3e-bf91-50bf28423b62.htseq.counts.gz	Transcriptome Profiling	Gene Expression Quantification	TCGA-STAD	TCGA-BR-4257	TCGA-BR-4257-01A	Primary Tumor
5ea151b5-1a55-47e0-b9bd-2598d6ea31af	df710881-b578-48bf-92ef-b785d21340ca.htseq.counts.gz	Transcriptome Profiling	Gene Expression Quantification	TCGA-STAD	TCGA-D7-6521	TCGA-D7-6521-01A	Primary Tumor
a2f1e5db-0237-4cad-969a-ebbab8715333	8aaa76ec-dd68-412a-915a-ef12478a86dd.htseq.counts.gz	Transcriptome Profiling	Gene Expression Quantification	TCGA-STAD	TCGA-CD-A489	TCGA-CD-A489-01A	Primary Tumor
d384039b-a501-4678-bd7c-d7dcfde762ac	a19ad370-5686-45b4-84aa-a5b95f875dc8.htseq.counts.gz	Transcriptome Profiling	Gene Expression Quantification	TCGA-STAD	TCGA-CG-5728	TCGA-CG-5728-11A	Solid Tissue Normal
116322e6-7d19-41b1-abe4-a84fa489646e	e6d55c2b-f54b-4d4c-a93e-2d978f57ad4b.htseq.counts.gz	Transcriptome Profiling	Gene Expression Quantification	TCGA-STAD	TCGA-D7-6526	TCGA-D7-6526-01A	Primary Tumor
39a63864-45c5-4616-bc1f-5dfab1332adb	7b4606fa-ebd0-4c93-8b3d-1c3c1504c6ff.htseq.counts.gz	Transcriptome Profiling	Gene Expression Quantification	TCGA-STAD	TCGA-CD-5799	TCGA-CD-5799-01A	Primary Tumor
27b81156-668e-4ead-b841-5977c765aa4c	e53a7c37-bd31-42a3-84fd-14fed7c6bf44.htseq.counts.gz	Transcriptome Profiling	Gene Expression Quantification	TCGA-STAD	TCGA-F1-6874	TCGA-F1-6874-01A	Primary Tumor
c98fe0c2-7f20-46d6-9ef5-498cfc70c9c4	336731dd-7471-4e09-a622-41b835bdadf9.htseq.counts.gz	Transcriptome Profiling	Gene Expression Quantification	TCGA-STAD	TCGA-CG-5722	TCGA-CG-5722-01A	Primary Tumor
c2bd6579-3c11-4875-84c1-a9166207a922	5a3f204b-c5b3-44a7-b7b7-bea849c159ff.htseq.counts.gz	Transcriptome Profiling	Gene Expression Quantification	TCGA-STAD	TCGA-HU-A4GJ	TCGA-HU-A4GJ-01A	Primary Tumor
fa70ca61-4a9e-4352-aa14-513a04d3a43a	64f89a5a-9f74-4751-9740-e6858617da7f.htseq.counts.gz	Transcriptome Profiling	Gene Expression Quantification	TCGA-STAD	TCGA-HU-A4G2	TCGA-HU-A4G2-01A	Primary Tumor
52a16fa6-bb28-4d07-a83a-24383e0d6174	7cdd7a9b-bcd9-46c7-8a2a-5805a8927cd5.htseq.counts.gz	Transcriptome Profiling	Gene Expression Quantification	TCGA-STAD	TCGA-IN-A6RI	TCGA-IN-A6RI-01A	Primary Tumor
b6cc25ba-1343-4523-98df-282524783f0b	0776df15-e66e-4978-a585-0f0416fa6880.htseq.counts.gz	Transcriptome Profiling	Gene Expression Quantification	TCGA-STAD	TCGA-BR-A4QL	TCGA-BR-A4QL-01A	Primary Tumor
98ce995b-fb36-4397-ab1f-98e9735bfd79	ffdf6fbf-5bee-49f7-8126-414651f3a317.htseq.counts.gz	Transcriptome Profiling	Gene Expression Quantification	TCGA-STAD	TCGA-RD-A8N4	TCGA-RD-A8N4-01A	Primary Tumor
f56071e2-b43f-46e7-9336-4e7c50945714	e6b85402-c38e-4c9d-bd5e-a00f20c88ff2.htseq.counts.gz	Transcriptome Profiling	Gene Expression Quantification	TCGA-STAD	TCGA-CD-8526	TCGA-CD-8526-01A	Primary Tumor
0ecd722f-1272-4503-ad89-e928ef80e070	27b74fa9-f4d1-44af-b6f4-29605ffc5701.htseq.counts.gz	Transcriptome Profiling	Gene Expression Quantification	TCGA-STAD	TCGA-B7-A5TK	TCGA-B7-A5TK-01A	Primary Tumor
e67c5d3c-cd76-4e11-a7de-70021145437f	9670c27f-7043-4dd2-be9b-7969d0ea78d2.htseq.counts.gz	Transcriptome Profiling	Gene Expression Quantification	TCGA-STAD	TCGA-CG-4442	TCGA-CG-4442-01A	Primary Tumor
0702cb89-db23-47d2-b701-540f03aaa317	3c79dcc6-cf47-44b7-88a1-561fb66c68a0.htseq.counts.gz	Transcriptome Profiling	Gene Expression Quantification	TCGA-STAD	TCGA-BR-4366	TCGA-BR-4366-01A	Primary Tumor
265f3e50-24e1-497a-b6b7-ae1d1eab2c9c	2025115f-5054-49e7-a9e1-9bcd4c6152a6.htseq.counts.gz	Transcriptome Profiling	Gene Expression Quantification	TCGA-STAD	TCGA-3M-AB46	TCGA-3M-AB46-01A	Primary Tumor
d5acd695-679a-426e-8a6e-0d4adeba91be	4cb92a66-9f3c-4b86-a6e0-0244d26e1985.htseq.counts.gz	Transcriptome Profiling	Gene Expression Quantification	TCGA-STAD	TCGA-VQ-A91E	TCGA-VQ-A91E-01A	Primary Tumor
f51fffe1-cd4d-4f69-99f8-90ddd842e952	2243d710-52c2-4902-b11c-78ee6024924a.htseq.counts.gz	Transcriptome Profiling	Gene Expression Quantification	TCGA-STAD	TCGA-VQ-A8P5	TCGA-VQ-A8P5-01A	Primary Tumor
c0e9e01b-bea9-4fd1-9649-dd51f5ff51d3	9bceb1fe-7431-41cb-9d54-eda8ec7e6edb.htseq.counts.gz	Transcriptome Profiling	Gene Expression Quantification	TCGA-STAD	TCGA-VQ-A91V	TCGA-VQ-A91V-01A	Primary Tumor
2f780fee-cb3b-4d70-9f8c-c3b083e57526	16afa649-9060-4b95-8072-f018bd4854cc.htseq.counts.gz	Transcriptome Profiling	Gene Expression Quantification	TCGA-STAD	TCGA-IN-7806	TCGA-IN-7806-11A	Solid Tissue Normal
91aa244d-da83-4e17-9df6-4e5e68d24933	b0818aec-02d1-4921-b915-45c3ad72f417.htseq.counts.gz	Transcriptome Profiling	Gene Expression Quantification	TCGA-STAD	TCGA-BR-8286	TCGA-BR-8286-01A	Primary Tumor
b545b203-3fc7-453d-ab26-72a78da0fe27	b287a691-9eb4-4fc5-a3e9-bfee3464e59f.htseq.counts.gz	Transcriptome Profiling	Gene Expression Quantification	TCGA-STAD	TCGA-HU-8608	TCGA-HU-8608-01A	Primary Tumor
adf19ec8-627e-404b-b074-e295f8896810	147fe9a0-534d-4267-9709-3878a648c755.htseq.counts.gz	Transcriptome Profiling	Gene Expression Quantification	TCGA-STAD	TCGA-D7-6528	TCGA-D7-6528-01A	Primary Tumor
b4f83c72-f64a-46cf-9e94-56099a939538	e36c2135-0868-4b17-b6e8-1c562ce636a4.htseq.counts.gz	Transcriptome Profiling	Gene Expression Quantification	TCGA-STAD	TCGA-BR-6852	TCGA-BR-6852-01A	Primary Tumor
1fdb6e3e-3c27-403f-a570-91a48679c223	7d9d7da1-db09-4104-bf70-2424184fff38.htseq.counts.gz	Transcriptome Profiling	Gene Expression Quantification	TCGA-STAD	TCGA-BR-7704	TCGA-BR-7704-11A	Solid Tissue Normal
a0c20ddd-a7f4-4e4d-ba62-1b6dfba03a62	94af5269-0437-4651-a3ea-dbbf2efdc777.htseq.counts.gz	Transcriptome Profiling	Gene Expression Quantification	TCGA-STAD	TCGA-CD-8532	TCGA-CD-8532-01A	Primary Tumor
f83bb316-2f6f-4d5d-b373-a76d5b70785b	d4045310-7565-438e-875f-2d38eb8c7d3f.htseq.counts.gz	Transcriptome Profiling	Gene Expression Quantification	TCGA-STAD	TCGA-HU-8610	TCGA-HU-8610-01A	Primary Tumor
41f97c68-ef08-41b4-aaec-c84cacc108de	c406c657-3d56-474a-bcb6-d2abd7ef2588.htseq.counts.gz	Transcriptome Profiling	Gene Expression Quantification	TCGA-STAD	TCGA-CG-5719	TCGA-CG-5719-01A	Primary Tumor
966f2acc-53ca-4f44-921b-c063c20bf2f7	091bc3bd-8a0d-4579-9ff5-2c0be4b8e261.htseq.counts.gz	Transcriptome Profiling	Gene Expression Quantification	TCGA-STAD	TCGA-VQ-A8P8	TCGA-VQ-A8P8-01A	Primary Tumor
c5485ce9-5e8b-4805-9d70-ce63c1456fa1	f1fa9376-d440-475d-86ac-b9ad1eb22f4f.htseq.counts.gz	Transcriptome Profiling	Gene Expression Quantification	TCGA-STAD	TCGA-BR-7901	TCGA-BR-7901-01A	Primary Tumor
0588af0a-78d2-43f3-aa99-99048d3c946e	2f8cace5-4791-4dff-9314-5997b012b1cd.htseq.counts.gz	Transcriptome Profiling	Gene Expression Quantification	TCGA-STAD	TCGA-VQ-A8E3	TCGA-VQ-A8E3-01A	Primary Tumor
e806b947-d895-4b6c-a720-e6146bed65ae	0097539b-b0a9-423d-9cda-b696195a1a20.htseq.counts.gz	Transcriptome Profiling	Gene Expression Quantification	TCGA-STAD	TCGA-BR-7707	TCGA-BR-7707-01A	Primary Tumor
